ID_Image,pct_rouille,rugosite,score_dispersion_taches,label_malade
1711617146714.jpg,0.10598618614362268,945.3659918832618,0.887242988851599,0
1711617151533.jpg,0.18430623652222425,3626.944688166591,2.313854751042326,0
1711617157630.jpg,0.029404235871827552,657.629865839683,2.050954833416891,0
1711617159123.jpg,0.1826104430127945,1574.8227894260476,1.8463129131125142,0
1711617163472.jpg,0.06718255882510586,2188.0056935541634,3.151302405361203,0
1711617169699.jpg,0.0624130632799299,841.728558596168,3.4188034188034186,0
1711617171196.jpg,0.023150297640949613,929.4522978439321,3.467606773391897,0
1711617175184.jpg,0.05174777564928347,1749.0683722297624,2.528053656649039,0
1711617175185.jpg,0.07531082429985499,1570.851943655546,3.608238215172463,0
1711617182242.jpg,0.07149257194057553,1031.8211963088968,2.5736665423349496,0
1711617188132.jpg,0.05038729943302002,2120.6257972564485,5.905301410859341,0
1711617192308.jpg,0.06048367104365689,903.3169906873868,1.9717748188847286,0
1711617195463.jpg,0.055571729236554776,580.6111457462519,1.033306098909021,0
1711617195562.jpg,0.02211356084962133,1009.3760653492824,3.771289537712895,0
1711617200221.jpg,0.03194905787448095,2860.8340078412843,11.82261864692023,0
1711617208255.jpg,0.10166233905292181,496.9432911550644,1.092723514620114,0
1711617212000.jpg,0.033314448356332536,739.3303507286495,2.469835614219775,0
1711617213408.jpg,0.059919324273106284,2206.9426303967207,4.359906928411684,0
1711617220460.jpg,0.0354379081281195,1006.7342354789473,3.182782661412549,0
1711617227377.jpg,0.04303280611376307,2551.5124930960883,4.641310780923901,0
1711617230199.jpg,0.12985066666666667,600.9477504359334,1.0473462095308506,0
1711617245711.jpg,0.021444917260248702,2520.9334355847413,13.092979127134724,0
1711617249079.jpg,0.14786056766128686,863.2224544823581,1.4476362813843022,0
1711617255014.jpg,0.021214041449867115,1107.6401858573408,5.349636988918609,0
1711617261667.jpg,0.053851542790345465,3948.305015369253,3.8851012632845396,0
1711617264702.jpg,0.16492575860683628,1665.8896899357521,2.701045619500555,0
1711617265059.jpg,0.1328011804667967,647.1019861551172,0.5826803295157725,0
1711617275439.jpg,0.06574195490014832,1335.903216777983,4.2915823677273,0
1711617278703.jpg,0.021444917260248702,2520.9334355847413,13.092979127134724,0
1711617279024.jpg,0.04110046019975483,570.94839692736,4.139639492812673,0
1711617285861.jpg,0.04990693831782755,1231.810709769532,3.969647052469553,0
1711617292619.jpg,0.033714920930133126,570.9160629857677,3.4475926292847237,0
1711617293430.jpg,0.053851542790345465,3948.305015369253,3.8851012632845396,0
1711617297013.jpg,0.21330545662294723,1371.1359074347101,0.9940924316007421,0
1711617306009.jpg,0.07212051589144444,3055.3550867218064,3.935006495584885,0
1711617307818.jpg,0.18359887800685662,1159.0929141136476,0.6393251078401835,0
1711617313034.jpg,0.033714920930133126,570.9160629857677,3.4475926292847237,0
1711617318586.jpg,0.2186104279255943,1670.8523483809802,1.440598690364827,0
1711617326645.jpg,0.17123972914885757,811.585692819443,1.2519389305764432,0
1711617330684.jpg,0.07256039680735858,2070.0716484334807,3.058554740759848,0
1711617340992.jpg,0.14730551478297338,6484.282158929657,5.646447008806559,0
1711617343780.jpg,0.0882487566450563,425.63340625638375,1.2435924656495494,0
1711617345469.jpg,0.022458231191972447,1694.4228179007332,9.208103130755065,0
1711617359554.jpg,0.05745766086126767,3257.018432394969,5.519713261648746,0
1711617360028.jpg,0.029873301255218934,658.820318532099,6.759478938179865,0
1711617360588.jpg,0.06735034800204576,2540.0664653769027,5.550740786595683,0
1711617374119.jpg,0.02687632191766189,624.3116445206407,3.477569675592429,0
1711617374256.jpg,0.09402284596274471,4900.6854193313775,5.0939421051112586,0
1711617376353.jpg,0.11809691764416616,3405.9601073359377,6.293748130421776,0
1711617389519.jpg,0.08138811015546601,2557.7714536702233,5.562716233634082,0
1711617389741.jpg,0.05876679051157473,1882.47064927937,5.470996703373782,0
1711617390189.jpg,0.04462638283200763,1074.7692699453698,4.315548044422984,0
1711617402071.jpg,0.19032718918674116,2754.3578458019533,2.7400223528139307,0
1711617403054.jpg,0.081678522172562,1999.2762821254332,3.8709451411756466,0
1711617408485.jpg,0.06088973195434041,602.1259773338853,3.412443309409537,0
1711617418621.jpg,0.22183832170562073,3703.1884559781583,1.8024953868338405,0
1711617420032.jpg,0.08894721049567682,2235.3895205964764,2.9692042221773125,0
1711617423966.jpg,0.03669427136805482,698.7776099917023,3.3471585534453903,0
1711617430915.jpg,0.07157770552972001,3422.5238596525496,5.136165890492344,0
1711617440887.jpg,0.02530131941896648,1574.9358363120718,5.692497717630633,0
1711617443902.jpg,0.061410564751376004,6206.481649391502,14.348713223194892,0
1711617444051.jpg,0.03079239824475234,937.9407328643157,4.075193900354936,0
1711617451030.jpg,0.028554093157845607,720.1354307603407,1.634444755767255,0
1711617458061.jpg,0.029819274247496176,1458.3901927562542,4.140692542203213,0
1711617460935.jpg,0.09894066076791948,3542.9137835472293,4.93627960400372,0
1711617471282.jpg,0.09574393474285037,1975.9654694555607,4.479567256898957,0
1711617475460.jpg,0.028554093157845607,720.1354307603407,1.634444755767255,0
1711617476395.jpg,0.024862680572023132,2021.4285866699774,10.92128027681661,0
1711617477850.jpg,0.09399321188612593,1925.2001326355107,3.8761974944731024,0
1711617488967.jpg,0.05901389887532832,1014.7953041291908,4.068850435458431,0
1711617490144.jpg,0.11559938121985722,2538.0984545914216,3.566104120698909,0
1711617496143.jpg,0.011785501452168567,1142.2206767410166,7.076010043369093,0
1711617497884.jpg,0.09777014482507147,2262.500261721173,4.256167171997552,0
1711617504250.jpg,0.02299151475001703,332.62320532198237,3.427243682834737,0
1711617509749.jpg,0.03387241194054523,2858.332938126228,8.580723871492477,0
1711617516765.jpg,0.15794794770075957,2018.8240282264649,3.0072836962919363,0
1711617517388.jpg,0.039923311771041026,1288.566301476422,5.5526992287917745,0
1711617517933.jpg,0.0022052868075733557,639.4498563380188,22.410660205935795,0
1711617533072.jpg,0.05901389887532832,1014.7953041291908,4.068850435458431,0
1711617535450.jpg,0.01473473565261246,1342.5742604384782,9.974377745241581,0
1711617538560.jpg,0.06756193396572667,3103.46345272524,6.272805543028166,0
1711617547365.jpg,0.02299151475001703,332.62320532198237,3.427243682834737,0
1711617551534.jpg,0.018221248618875415,1162.2313666473265,7.522756337922215,0
1711617555746.jpg,0.04071892559457542,1972.4553777789033,6.486890368156501,0
1711617556219.jpg,0.008755351456887705,1926.5777673009643,13.79638439581351,0
1711617560905.jpg,0.0022052868075733557,639.4498563380188,22.410660205935795,0
1711617568609.jpg,0.055783164889236445,2370.1806440135306,7.181997127201149,0
1711617569633.jpg,0.046253742443601135,1283.289121453168,5.065080393427175,0
1711617571266.jpg,0.05433398661890924,3124.9591854049722,4.875621890547263,0
1711617578637.jpg,0.06478828355609088,854.5686204424023,2.6260394739584423,0
1711617581376.jpg,0.15794794770075957,2018.8240282264649,3.0072836962919363,0
1711617584854.jpg,0.053927022297674085,2180.7443382916995,6.545602730305887,0
1711617590910.jpg,0.08687718805755823,1480.0552616370169,2.687462134745934,0
1711617594126.jpg,0.06326295606412455,1630.7293364072093,2.4427678938152577,0
1711617598618.jpg,0.02299151475001703,332.62320532198237,3.427243682834737,0
1711617600384.jpg,0.09126293867759368,3094.4421730243384,6.301808881082247,0
1711617608425.jpg,0.04095921932379294,1393.3153489342221,6.241936046308889,0
1711617615732.jpg,0.22300776555737278,4010.30395868843,1.9878891675331822,0
1711617618550.jpg,0.04074316734008646,548.614103259737,3.8075811660717322,0
1711617618669.jpg,0.018221248618875415,1162.2313666473265,7.522756337922215,0
1711617620813.jpg,0.11933576637300015,2180.782501045731,3.8502006035449594,0
1711617631573.jpg,0.1712474780935952,3871.7483599352195,1.4537885889512068,0
1711617632963.jpg,0.02790213168823117,2064.0046484817412,9.858379622679276,0
1711617634644.jpg,0.10254218072690897,1000.3741051864306,2.198173824822455,0
1711617645194.jpg,0.0396221456847002,2456.3456500327256,5.46795075316612,0
1711617648653.jpg,0.1335941851849849,2427.6499064896266,2.7021283055530256,0
1711617650944.jpg,0.16235382218626512,4170.6513180352595,1.4825796886582654,0
1711617658146.jpg,0.0655373041656041,2390.5802995549966,2.093554390120115,0
1711617659865.jpg,0.15154776491696387,1561.3442460038668,2.5717379534380074,0
1711617672565.jpg,0.030967457518435396,564.765747905647,3.494090242429471,0
1711617676427.jpg,0.07647027750135989,1688.0960362173994,3.547224763362769,0
1711617685291.jpg,0.1335941851849849,2427.6499064896266,2.7021283055530256,0
1711617690812.jpg,0.052802590728899305,1496.6180741270211,2.892392751100645,0
1711617690814.jpg,0.04074316734008646,548.614103259737,3.8075811660717322,0
1711617698530.jpg,0.09126293867759368,3094.4421730243384,6.301808881082247,0
1711617702383.jpg,0.11934396373279071,1867.2528852041619,3.2498498710657384,0
1711617703198.jpg,0.1503115895676852,2675.4501642911055,1.7560975609756098,0
1711617708056.jpg,0.05667338521296902,873.5892465620548,2.2610047339786616,0
1711617717261.jpg,0.023955575461054826,2043.5930201047124,13.074602141631662,0
1711617720681.jpg,0.04576044360467189,1987.7800763231141,2.576856235392821,0
1711617724015.jpg,0.002819553893415253,758.9532849132918,8.049242424242424,0
1711617733104.jpg,0.1712474780935952,3871.7483599352195,1.4537885889512068,0
1711617735599.jpg,0.040608899629359284,1765.643643151254,6.596398157196705,0
1711617739895.jpg,0.02110202114207813,379.37117038707765,2.657386902878836,0
1711617743053.jpg,0.11307461086328043,2017.2480038239396,1.6810787930096147,0
1711617748848.jpg,0.08921055275820876,1665.1986958753866,2.878373093468909,0
1711617752989.jpg,0.15961318650479278,4009.2017022784244,4.5420829479583515,0
1711617767141.jpg,0.02236176351298875,1835.8351247979983,9.389671361502348,0
1711617767587.jpg,0.06792592550235022,3328.08100403416,8.649717989729774,0
1711617771544.jpg,0.07104150071243451,1900.120906566497,4.362674457626784,0
1711617774329.jpg,0.016768628729386583,329.64204864841065,2.2307202039515617,0
1711617781295.jpg,0.02782963480030086,1360.7034713770488,4.714917610460312,0
1711617782596.jpg,0.11363297468484305,3231.8617135836434,3.4190092096550897,0
1711617788842.jpg,0.15657000064650145,2047.0315851655616,3.025026031381279,0
1711617794935.jpg,0.12576854307026497,2030.3548377926866,2.588923908149482,0
1711617797533.jpg,0.058916837867163105,2800.813988977805,5.281731286078198,0
1711617804837.jpg,0.011813305684592086,1448.7087546220328,8.522400092134054,0
1711617807530.jpg,0.016768628729386583,329.64204864841065,2.2307202039515617,0
1711617821047.jpg,0.01608814800987959,1810.205486271631,7.818411097099623,0
1711617822811.jpg,0.13674840259953033,3776.495528528178,3.404518724852987,0
1711617825107.jpg,0.01374818714798502,568.6737389983093,7.896276077208032,0
1711617837699.jpg,0.06339224831574067,1241.5124497377517,1.0756389295241373,0
1711617841996.jpg,0.05797037257752133,419.35559301191074,1.1344693461752176,0
1711617859723.jpg,0.0058154427421033255,687.8993598359648,12.61467889908257,0
1711617862721.jpg,0.10024212025260716,2413.8638654562646,3.149244451653016,0
1711617874785.jpg,0.08436204381899677,875.1177206619609,2.989465692322293,0
1711617883954.jpg,0.12681126437766402,2208.636910984518,1.9846296765475886,0
1711617886690.jpg,0.06479328588600072,752.0368742148428,2.146055591093869,0
1711617895373.jpg,0.011813305684592086,1448.7087546220328,8.522400092134054,0
1711617899860.jpg,0.0907409805772484,727.6272865167425,2.1923693774553805,0
1711617904199.jpg,0.07704810174950924,2202.0975437197767,4.854538469598016,0
1711617906991.jpg,0.11533202975285396,2487.542616447295,2.9606177419549744,0
1711617913171.jpg,0.022275207629898704,543.5078230324143,4.72912301706076,0
1711617923956.jpg,0.042862251009151364,2248.2138236556293,5.804548482253306,0
1711617925982.jpg,0.04189811610350477,1941.2709539498476,5.036086607858861,0
1711617928986.jpg,0.03690079396431781,667.3429780707772,6.604492506441194,0
1711617936382.jpg,0.09182252013682003,2066.4132361773945,4.160658495553953,0
1711617940614.jpg,0.023665019215658657,1064.725017242467,5.309837787373089,0
1711617941301.jpg,0.06333111457243763,695.8175692706045,2.1992894603282016,0
1711617943367.jpg,0.24635852859867444,6229.24648307895,1.850047077090801,0
1711617948469.jpg,0.05731067968128062,1887.007382094305,4.154570027029733,0
1711617954605.jpg,0.005712972869723648,336.1576567713152,2.337540906965872,0
1711617959817.jpg,0.015922373744942306,1340.7782107718733,6.04991177211999,0
1711617961243.jpg,0.191294814519507,2669.8704348350097,2.752881372638753,0
1711617967241.jpg,0.0004722008427584533,628.9145127981762,39.43661971830986,0
1711617975152.jpg,0.17630570817763194,2667.7115216039983,1.4099535096410334,0
1711617977779.jpg,0.10338407918734474,4543.576456201165,3.3894756127883996,0
1711617980300.jpg,0.005769119772993593,434.43406676564933,10.234938357757617,0
1711617989304.jpg,0.08069050755836853,1362.765991226045,3.9891602565181534,0
1711617994162.jpg,0.031424463430994996,860.0116814053713,5.272557190237265,0
1711617996433.jpg,0.05731067968128062,1887.007382094305,4.154570027029733,0
1711617999561.jpg,0.07704810174950924,2202.0975437197767,4.854538469598016,0
1711618007459.jpg,0.027278715090019088,992.8954341361284,3.933910306845004,0
1711618011086.jpg,0.05181217879560948,1674.2761578262011,5.106225361801201,0
1711618015799.jpg,0.11736827281393535,4518.605118836987,4.268721806246178,0
1711618018649.jpg,0.07204568946727269,755.2294906671858,2.2272128287458934,0
1711618025115.jpg,0.06836334443638514,2424.114806135026,5.933250927070457,0
1711618030438.jpg,0.042758225862258234,1368.5714342650497,6.206941375276226,0
1711618032631.jpg,0.10338407918734474,4543.576456201165,3.3894756127883996,0
1711618040762.jpg,0.055103445427891036,1962.1093078343258,3.846922462030376,0
1711618042022.jpg,0.07204568946727269,755.2294906671858,2.2272128287458934,0
1711618051859.jpg,0.027278715090019088,992.8954341361284,3.933910306845004,0
1711618052963.jpg,0.015922373744942306,1340.7782107718733,6.04991177211999,0
1711618058165.jpg,0.05567440204298503,1968.9399496031815,6.295593084840611,0
1711618060992.jpg,0.022275207629898704,543.5078230324143,4.72912301706076,0
1711618076519.jpg,0.06546085113556996,1451.8885926750622,3.2462613889670395,0
1711618077075.jpg,0.10020056827678422,1212.8613797259036,2.017783397678204,0
1711618083686.jpg,0.03934154729707169,2049.1233699328186,4.277421326000611,0
1711618089671.jpg,0.11588346477220883,1348.2669669997535,2.029612784115223,0
1711618097875.jpg,0.06892506154023352,543.7151381807752,3.400369182939862,0
1711618105820.jpg,0.0861445548195154,1728.137497767767,2.344419473233197,0
1711618109481.jpg,0.1141546281433922,2576.5885829514023,3.151986689007886,0
1711618115003.jpg,0.04256612790105415,468.90427769772214,2.913077525450274,0
1711618120632.jpg,0.1281075490616568,2188.2424250859453,2.642510833174708,0
1711618128866.jpg,0.02647530207391644,675.6966455741075,5.841768645817596,0
1711618133041.jpg,0.06097665327898578,998.5598641837445,2.6506292460184877,0
1711618137837.jpg,0.0927632326639989,2067.6963295081014,2.482509591514331,0
1711618145012.jpg,0.017198656167137543,774.7034748198543,6.679092885989437,0
1711618148317.jpg,0.08898451156056471,1038.618482850827,1.063441905687895,0
1711618152724.jpg,0.10032386897570143,2765.477389160685,2.759851135302399,0
1711618161207.jpg,0.1405506903690706,1023.1926844898071,2.1219301000066606,0
1711618165474.jpg,0.1726471664418461,1516.1325503713863,1.0754899014661459,0
1711618167120.jpg,0.018375625856783963,2891.893131137343,10.805186489514966,0
1711618175287.jpg,0.0484476954685691,917.7129681139083,3.6190844545128047,0
1711618188051.jpg,0.018487625851274704,2358.779165080851,8.71938736826143,0
1711618188876.jpg,0.027847854435547756,833.6895899187889,2.090829524457843,0
1711618198058.jpg,0.039615728255612846,1419.2146637982396,7.379564812579744,0
1711618203923.jpg,0.02050302825033536,447.75612910953157,3.576770501398192,0
1711618207906.jpg,0.03934154729707169,2049.1233699328186,4.277421326000611,0
1711618210630.jpg,0.051958863594659066,1061.310546460042,3.2199428719813037,0
1711618223333.jpg,0.032789971917201816,483.6802799969807,4.194494217299234,0
1711618231123.jpg,0.022647907036805106,2688.7175750559063,11.402648357037764,0
1711618238306.jpg,0.004212216762435243,262.71671067519856,6.9642291864514085,0
1711618244211.jpg,0.03300251601698346,1907.1303044441993,5.609745886884079,0
1711618249919.jpg,0.021084820397124178,1172.8208885234321,7.92781179503706,0
1711618251546.jpg,0.02050302825033536,447.75612910953157,3.576770501398192,0
1711618257707.jpg,0.014023678575344138,1735.4141420034873,11.775183059568574,0
1711618273706.jpg,0.09735071607620793,1465.7620647828226,3.269445937895058,0
1711618283976.jpg,0.03347991084874405,484.2300140288989,5.837198144890453,0
1711618285001.jpg,0.07093760030769275,1710.8187381827977,3.348748206027747,0
1711618288413.jpg,0.08102022476448197,2250.7319187123057,6.462639534262672,0
1711618298993.jpg,0.041977817741795306,526.064580398125,1.9747738565422346,0
1711618300894.jpg,0.08625693602731044,1560.2244382172655,4.22192500443141,0
1711618303561.jpg,0.08675967560001183,1787.1666131999143,4.6258724233079045,0
1711618314299.jpg,0.02155023990117224,831.6409261429216,1.3055641902393536,0
1711618318568.jpg,0.05035586345136758,2256.54540118875,5.486673300879481,0
1711618321141.jpg,0.05101385635425254,1949.9786605190461,4.773078769132312,0
1711618329427.jpg,0.061938146775708934,695.6891190109225,1.458106637649619,0
1711618335504.jpg,0.06772000082006985,2069.75962951843,5.933640106563332,0
1711618337932.jpg,0.04939773832496016,1962.4464706571318,4.572081725960852,0
1711618349293.jpg,0.10725565698957297,1443.7648256255138,1.977878985035784,0
1711618355852.jpg,0.044915445004080026,1558.6698912350193,4.792332268370607,0
1711618368488.jpg,0.1574307839340572,1971.0642425202573,3.300268669759313,0
1711618372903.jpg,0.03000427964504454,1366.2498769962035,3.967129498441485,0
1711618386245.jpg,0.11914514127312159,1844.9921219679516,3.2442327968762674,0
1711618406605.jpg,0.1156814811846271,784.0629905539381,1.5704569336828371,0
1711618423874.jpg,0.17747812194828205,1958.7093933682659,1.4225914055857152,0
1711618427147.jpg,0.026763825885532284,1556.5850770485013,12.72408819287039,0
1711618430051.jpg,0.0429019689807818,1870.0692250225627,4.90287927050153,0
1711618445733.jpg,0.028998675409692497,1986.7225375834696,12.173830981927996,0
1711618446037.jpg,0.046722329792830204,2062.884808085036,4.850735095966703,0
1711618447697.jpg,0.09600936323562534,751.3679668554751,1.5080850113106374,0
1711618449793.jpg,0.10281120313937941,1926.7830183676062,2.767168134694832,0
1711618461241.jpg,0.05829934769204141,1061.1917738924528,4.68514438130581,0
1711618465339.jpg,0.17148896246050319,1656.0108833043664,2.6883199572384195,0
1711618470070.jpg,0.03700399557171517,2259.290570424378,7.099468488990129,0
1711618475249.jpg,0.053337377500650915,2605.952805508972,4.705231109880986,0
1711618481237.jpg,0.03951440263047806,1545.899766517004,5.7243353219076525,0
1711618487419.jpg,0.04511960443672324,1844.7895135340311,4.235280180073451,0
1711618487862.jpg,0.08321039387900418,1928.7850174545438,3.4263424233904978,0
1711618489545.jpg,0.025258399232683394,1391.6001092483089,8.868826340945299,0
1711618500153.jpg,0.061553279989668475,979.287122348218,2.9285136700395564,0
1711618506480.jpg,0.02284271342236234,1553.267352874684,5.457191365510551,0
1711618506841.jpg,0.0089967306523433,541.1545007251187,11.754203243564946,0
1711618514134.jpg,0.060580865355257994,2498.969631807038,8.886988998132608,0
1711618520874.jpg,0.02391484674316666,1130.8243963880348,3.642068695018771,0
1711618522122.jpg,0.013071642682653638,728.2840370091109,3.875968992248062,0
1711618524416.jpg,0.014644562257332978,1441.786896631244,8.670247855998491,0
1711618527173.jpg,0.062207575847725786,3075.060518355082,4.108338405356055,0
1711618537498.jpg,0.009338138706371128,455.2425794242365,3.863213621405065,0
1711618540027.jpg,0.011992734122712595,1391.7333600937106,9.759928202827012,0
1711618541514.jpg,0.09971854805615775,1406.7128031996822,1.981377819653051,0
1711618553183.jpg,0.10881019432871047,1925.0914437340216,4.215556278301769,0
1711618553271.jpg,0.022765769131373834,2785.2972599116874,9.116038346174204,0
1711618558416.jpg,0.01592714070869414,1563.7313357199782,5.4389394068156705,0
1711618566994.jpg,0.029989410036552453,1349.9242286402985,8.611262985237836,0
1711618577936.jpg,0.021618667598921476,684.3929306980633,3.0977015054829318,0
1711618579017.jpg,0.09213200087203904,2725.1671003922684,3.3302659830857544,0
1711618581856.jpg,0.08517242265010011,1107.027998747987,2.2855328942147453,0
1711618592524.jpg,0.045868365226135514,2151.209309551494,7.737397420867526,0
1711618594590.jpg,0.013851136157915557,588.2585937087626,6.96999031945789,0
1711618598406.jpg,0.05866612326320926,1027.0000394830356,3.382006809716414,0
1711618600382.jpg,0.03394061861094513,1617.979396278097,2.968460111317254,0
1711618605535.jpg,0.07870747038937535,1719.1272440389253,4.46908315565032,0
1711618609469.jpg,0.022336555660510078,736.8328534966284,6.238003838771593,0
1711618609471.jpg,0.1051585821032009,2220.402957076577,2.5183309448610744,0
1711618618037.jpg,0.04582237371839605,1861.6696022891683,6.32577754348972,0
1711618618715.jpg,0.1209031558280187,1450.2419414352414,1.6125552186602163,0
1711618622161.jpg,0.04059130659229977,1928.4884446838448,3.524898918339842,0
1711618630845.jpg,0.059766095972992525,2349.6781253580734,5.782938091182141,0
1711618635470.jpg,0.1265636103938138,1954.8420745996189,3.3244754778238583,0
1711618635947.jpg,0.08517242265010011,1107.027998747987,2.2855328942147453,0
1711618647127.jpg,0.07736566989996146,1945.097001326038,3.8236893340115414,0
1711618648308.jpg,0.03848678161922312,1952.5128023680725,9.066815455433115,0
1711618652531.jpg,0.013851136157915557,588.2585937087626,6.96999031945789,0
1711618660450.jpg,0.06356044547626258,1536.2861281497915,4.065384941136614,0
1711618661689.jpg,0.02367473049367891,2216.543447938735,15.614315021654889,0
1711618663581.jpg,0.09971854805615775,1406.7128031996822,1.981377819653051,0
1711618665893.jpg,0.022336555660510078,736.8328534966284,6.238003838771593,0
1711618675012.jpg,0.2213083908265387,1750.731484017854,1.8544417267871336,0
1711618677253.jpg,0.059766095972992525,2349.6781253580734,5.782938091182141,0
1711618680892.jpg,0.00023231253780085475,477.7290402161752,5.714285714285714,0
1711618687920.jpg,0.041827698836254715,1007.5365816793997,3.1904608443441833,0
1711618689906.jpg,0.03394061861094513,1617.979396278097,2.968460111317254,0
1711618690679.jpg,0.03848678161922312,1952.5128023680725,9.066815455433115,0
1711618694297.jpg,0.050858334885253896,506.3771918700542,3.0030821105871817,0
1711618703236.jpg,0.08193572680505928,1374.6034467422899,2.562279933215413,0
1711618708388.jpg,0.027049789712110472,975.9903721083032,5.082153254058321,0
1711618713528.jpg,0.08517242265010011,1107.027998747987,2.2855328942147453,0
1711618717035.jpg,0.05962076090920141,1230.3580285984929,2.9447741584741536,0
1711618722717.jpg,0.06229004126044033,2179.901923500808,5.2750080411707945,0
1711618723005.jpg,0.039560823993218606,661.1227022720765,2.074618236234398,0
1711618730400.jpg,0.08630389701327731,1851.2196294687342,2.8552705485864074,0
1711618734521.jpg,0.028207874049561047,1636.1564058953782,6.993006993006993,0
1711618742207.jpg,0.07543611115686824,1050.3933464967733,2.674915840232918,0
1711618743524.jpg,0.027864335196106205,1374.762448307392,11.138674060022375,0
1711618755114.jpg,0.02665251568912727,1266.0924587192842,6.212128927134783,0
1711618756890.jpg,0.06754827419014732,2513.3679200871575,5.328667435479382,0
1711618766107.jpg,0.013015455344062326,1001.3917465741631,9.387712527380828,0
1711618768206.jpg,0.06161821413003386,2170.1116852236723,4.9192460058334415,0
1711618769141.jpg,0.16319674203665746,1169.7192376800622,1.3680228772982372,0
1711618782072.jpg,0.16056796239906107,3371.8074215741913,2.829473684210526,0
1711618789802.jpg,0.09337599034018244,1388.7086588800014,1.933900995814692,0
1711618802235.jpg,0.02753851736637128,1035.8708918486238,6.12294881214793,0
1711618802852.jpg,0.11373619177116655,2849.477347850762,3.585293174883953,0
1711618813174.jpg,0.01724650489031585,657.5501133825594,2.8987778125979315,0
1711618819448.jpg,0.007724561159246447,648.2257567660445,3.6388840755501644,0
1711618838103.jpg,0.061904283734661496,1614.7838890290982,3.9146138374029453,0
1711618838794.jpg,0.21403305507131853,790.7110637143805,0.32429263668622815,0
1711618849839.jpg,0.023669642002815863,1318.5949283394718,5.08171161286597,0
1711618853968.jpg,0.09161475815510924,1987.901363077654,3.267781441356571,0
1711618855684.jpg,0.031111034069862487,675.2806168310482,1.2000171431020443,0
1711618861366.jpg,0.01712279618632938,1174.7187717499085,7.115749525616698,0
1711618873314.jpg,0.07310908420169056,3411.7685874011804,5.137299352809975,0
1711618873568.jpg,0.014843587048258925,1705.6190271169237,12.096398995068391,0
1711618879679.jpg,0.07745890667666114,849.8736249526847,1.8662841936097045,0
1711618884588.jpg,0.1710588024948597,2191.485406598849,2.3075005829051993,0
1711618887473.jpg,0.07054527369472421,3377.807487512248,6.134491421449298,0
1711618894607.jpg,0.0123,253.24670107976627,1.7342293518317797,0
1711618896461.jpg,0.15902751862448342,1990.000452350176,2.46829887275224,0
1711618900647.jpg,0.07088619000551548,3143.5949856670836,5.219166474077498,0
1711618908908.jpg,0.08701421544781363,2010.3783707857751,3.851230685612237,0
1711618913902.jpg,0.14986852298695783,7514.712410842758,4.696705821321377,0
1711618920839.jpg,0.028574734238167778,2058.827093843355,6.747963560996771,0
1711618920889.jpg,0.03092050689093203,554.1644500943225,2.501509531613905,0
1711618934502.jpg,0.061709775706962317,2327.117601779485,7.050184701324444,0
1711618938582.jpg,0.024403517008835203,658.7303428980672,7.214297425807509,0
1711618941692.jpg,0.1618730633674573,8634.911034959214,6.845106743858009,0
1711618946887.jpg,0.07558273414623844,1783.2585557505324,4.326507066628208,0
1711618954993.jpg,0.0123,253.24670107976627,1.7342293518317797,0
1711618957703.jpg,0.12243150684931507,7096.6693285829315,6.190831243362932,0
1711618964578.jpg,0.18072228221496234,2147.820552536647,1.5202856019120807,0
1711618972054.jpg,0.17034546349512275,3627.3071869995397,2.4093443490293436,0
1711618975732.jpg,0.017319281314053695,1034.6906027448022,10.560257960499797,0
1711618979786.jpg,0.03092050689093203,554.1644500943225,2.501509531613905,0
1711618987007.jpg,0.014390754280654767,1112.4012537993428,8.119984715322888,0
1711618995232.jpg,0.030666848640456754,3649.547318739109,8.344149823845726,0
1711618996229.jpg,0.024403517008835203,658.7303428980672,7.214297425807509,0
1711618997711.jpg,0.04687024021933069,1351.5194651557651,3.0174664887135147,0
1711618999290.jpg,0.11275042499623421,1629.6718549781087,2.7076996481183278,0
1711619009995.jpg,0.03132559811068898,2596.593631270719,6.904990822480552,0
1711619011460.jpg,0.005655139276323692,639.190781300766,2.359603586597452,0
1711619012766.jpg,0.05753326771918944,1378.6845049987296,5.061630032338192,0
1711619024304.jpg,0.0767841983971845,1267.9684127785943,4.117317261195598,0
1711619025971.jpg,0.024465195035142648,2331.7135712736563,7.564211120519333,0
1711619028328.jpg,0.010238661859883424,614.6841101895774,8.08133472367049,0
1711619036565.jpg,0.08330924445573094,1167.646991528353,2.2212854270704976,0
1711619039929.jpg,0.15818063495990492,1635.3980328625373,1.793531386799269,0
1711619040814.jpg,0.031108920704246062,1954.7937686845678,8.66482867270579,0
1711619045292.jpg,0.0848709176153605,686.6306255919484,2.7345591702027345,0
1711619053454.jpg,0.05320027810723488,1198.9866076464173,2.1524663677130045,0
1711619055731.jpg,0.2354865263563975,5318.399997301266,3.1956437722440456,0
1711619063015.jpg,0.09158641083369737,711.9831303171712,2.3481412994026916,0
1711619066605.jpg,0.1481662484881413,733.1214624330531,1.4925510645942934,0
1711619068815.jpg,0.07134370932847142,1570.2372046078535,3.199332313256364,0
1711619070371.jpg,0.05973720203869159,2706.378364653598,5.718191137942818,0
1711619079073.jpg,0.08355714274284098,596.0983881862812,1.5639961698052984,0
1711619086755.jpg,0.01396149001843333,1528.6596593469021,7.065427797135114,0
1711619095908.jpg,0.0109160858551693,347.5987459980347,4.539877300613497,0
1711619100183.jpg,0.10314983848700524,1662.6926164887745,2.6507965383715795,0
1711619106477.jpg,0.054767681800702996,1505.2052103256515,5.562422744128554,0
1711619113139.jpg,0.06106874356995016,1594.8174613752308,2.5679056073318134,0
1711619113169.jpg,0.0005708813180422506,490.00112729738964,32.634032634032636,0
1711619117386.jpg,0.09675333336027775,3808.8088815174287,4.163301679244758,0
1711619123008.jpg,0.041329167658103,1143.5924717643159,5.109862033725089,0
1711619130923.jpg,0.011840657246736297,616.3055891382768,8.807588075880759,0
1711619131003.jpg,0.05033289161733577,1720.934402061313,5.047553264969981,0
1711619133928.jpg,0.028759444309042165,2107.182638354533,8.9423662156468,0
1711619142882.jpg,0.12178771410088957,2026.2492460517115,1.6464617987031294,0
1711619145082.jpg,0.09801449459337819,2507.768830722356,4.812574506600733,0
1711619155565.jpg,0.04123354881032103,2529.6590862868516,7.755534933050511,0
1711619155768.jpg,0.06297785488315134,1494.0488963212292,3.327211839688884,0
1711619161817.jpg,0.014898861986289804,1286.3116411415451,7.342942616263258,0
1711619166724.jpg,0.036823706787282015,563.864915059457,0.9057971014492754,0
1711619171049.jpg,0.030289443254491014,1556.3513930472554,7.469868475321937,0
1711619174682.jpg,0.04854314946619217,2669.97306466779,4.609711124769515,0
1711619182520.jpg,0.10414227551702486,1616.9818178157002,1.0243510282409687,0
1711619185608.jpg,0.21020539556137777,1653.6151625720559,1.5812377503903265,0
1711619187394.jpg,0.0769784722585421,768.6013620895743,2.0033796143058726,0
1711619191640.jpg,0.20419705313290668,6167.638338529673,4.114735523883357,0
1711619201659.jpg,0.04480566510646402,1735.6111150950003,5.119136262099777,0
1711619204577.jpg,0.0769784722585421,768.6013620895743,2.0033796143058726,0
1711619209605.jpg,0.12340064277484689,5053.697823808745,4.346116886520486,0
1711619215340.jpg,0.01670809529639468,1520.6038679000237,5.186465794023215,0
1711619216338.jpg,0.025079459139147768,1120.2806179224144,3.8124899318047576,0
1711619224769.jpg,0.009849661655388513,652.6634466175223,3.519220357336221,0
1711619225823.jpg,0.04816535430945356,5062.093065456496,12.049205593073108,0
1711619227907.jpg,0.012906382056708498,1264.9586575070034,9.29054054054054,0
1711619228458.jpg,0.02487062272987088,2405.838737730878,7.75411586222397,0
1711619242933.jpg,0.1488181252292609,1761.2699381301002,2.50219408809964,0
1711619243824.jpg,0.050976086419620516,666.7535834539702,0.8425708944416651,0
1711619244532.jpg,0.12340064277484689,5053.697823808745,4.346116886520486,0
1711619254030.jpg,0.0057085618965997354,1265.6096721924614,15.388257575757576,0
1711619257116.jpg,0.01243516387215724,1822.7149417899545,11.439029970258522,0
1711619257517.jpg,0.015090602499933086,885.6110048762586,7.182761372705507,0
1711619271673.jpg,0.005664108321882227,694.1875544848841,8.045433033601515,0
1711619271922.jpg,0.005525639431531397,1212.3717750990588,10.3831891223733,0
1711619272761.jpg,0.020626762087737012,836.2930122680291,1.5642312455191292,0
1711619281056.jpg,0.10168358688447035,4549.106643321782,4.625434479773868,0
1711619284797.jpg,0.03261738643124792,1579.5798286914317,4.769896652239202,0
1711619296572.jpg,0.035386347650179666,1283.491653662898,4.4684129429892145,0
1711619297623.jpg,0.008612974438089718,1632.7731685727272,15.8311345646438,0
1711619297689.jpg,0.3648507823028748,9506.47291482917,3.84388987433285,0
1711619300978.jpg,0.014287562193035447,875.830548460152,14.745683621091928,0
1711619309696.jpg,0.015479338023712624,1339.5717153861485,6.4035087719298245,0
1711619312119.jpg,0.11947525785019483,457.1180315347546,0.6808795624511664,0
1711619314267.jpg,0.08836270374507484,4164.4174328502,4.795446684066539,0
1711619318047.jpg,0.11989649180734448,2209.4783460919325,3.750778816199377,0
1711619321251.jpg,0.07568929430047507,795.2723352578347,1.8954827280779452,0
1711619325471.jpg,0.010482617128019362,523.1032447556328,7.899095426168938,0
1711619333151.jpg,0.11829387557222344,7491.512742696073,6.842216831146808,0
1711619335891.jpg,0.05732365330213532,1232.7093276661851,2.9693870336766195,0
1711619337751.jpg,0.014287562193035447,875.830548460152,14.745683621091928,0
1711619340628.jpg,0.16180311197134783,2381.264607143531,1.383979337276646,0
1711619349187.jpg,0.1402023301785793,800.7712233675261,1.8589486930160728,0
1711619349657.jpg,0.07343284624288635,782.0045606735239,1.462897268039352,0
1711619354041.jpg,0.06933242830476836,4415.865327112384,4.092181779022184,0
1711619361205.jpg,0.11947525785019483,457.1180315347546,0.6808795624511664,0
1711619362796.jpg,0.14969984449859544,2598.019189993796,1.7016343169153672,0
1711619366481.jpg,0.09709638634061367,1497.0958991356058,3.551878316827546,0
1711619370040.jpg,0.062355831981152465,4001.1694621710326,3.7079292641186536,0
1711619371929.jpg,0.010482617128019362,523.1032447556328,7.899095426168938,0
1711619382516.jpg,0.00943595023686569,507.91360778951906,2.9677784058790277,0
1711619385123.jpg,0.053719703694052434,7181.502936086619,8.94345914809762,0
1711619388395.jpg,0.07152791973801823,968.1460848573705,3.399581589958159,0
1711619396615.jpg,0.014705251818225669,802.9588195163034,6.559766763848397,0
1711619409611.jpg,0.03919991796244623,1220.7032476631064,7.57236774171342,0
1711619420174.jpg,0.053719703694052434,7181.502936086619,8.94345914809762,0
1711619421371.jpg,0.0,317.94131595920607,0.0,0
1711619422802.jpg,0.07371907605352251,1118.3664297089376,3.223726627981947,0
1711619427789.jpg,0.08185207824827788,1510.4054000089277,2.6510032227882316,0
1711619432444.jpg,0.07035081277746254,708.1129770175244,1.2715402717680102,0
1711619435845.jpg,0.059775654057015196,4423.625455476413,10.214309579495012,0
1711619436536.jpg,0.029375502546234254,1228.0449910372843,5.565439532868026,0
1711619440008.jpg,0.07058258469531335,1090.74156383614,2.2426682001150087,0
1711619454113.jpg,0.00035107400397883874,810.766920574383,45.80152671755725,0
1711619454515.jpg,0.08204409414696244,1275.7254933041402,3.202165588274132,0
1711619456406.jpg,0.023017313040428394,3117.045566843981,8.458308338332333,0
1711619467033.jpg,0.04273934154607711,1099.1813204332905,3.495046012761728,0
1711619471446.jpg,0.11302387172971619,2258.621493448945,3.15434361641233,0
1711619480771.jpg,0.0447759755326752,1469.3661427752952,5.135775133007351,0
1711619480821.jpg,0.01153779759475326,430.6684502140273,0.34790676098805523,0
1711619488696.jpg,0.09726028890111867,2671.5592971623555,3.165310438521548,0
1711619491956.jpg,0.01629279587034085,852.4905721786796,5.324459234608985,0
1711619494333.jpg,0.039544790132940696,840.8425666536463,3.5410764872521248,0
1711619496398.jpg,0.08204239636406141,1538.6055612109408,1.9946028393758066,0
1711619505316.jpg,0.11845730768093463,751.6736036612061,1.0325303802208026,0
1711619511924.jpg,0.19709682400782416,2004.392976929466,1.1821062108685043,0
1711619521409.jpg,0.01097474313009933,893.8944920023856,5.23305342582451,0
1711619535409.jpg,0.04210418249389155,2004.5605046520668,6.209362808842653,0
1711619550782.jpg,0.18817310859998768,3711.341337020668,1.9855672744352875,0
1711619554791.jpg,0.2052903189812684,3429.731014698408,2.4390575318640106,0
1711619561829.jpg,0.07737699099338924,858.4186303265687,1.424773686862544,0
1711619567508.jpg,0.10480938826357415,6049.9027049358,6.956248855880123,0
1711619570486.jpg,0.07835772901499756,1799.0200949925181,3.9049676025917925,0
1711619584561.jpg,0.11196671953547138,2151.0719476321797,2.7370291229502293,0
1711619585017.jpg,0.11584993042087761,2356.183606882634,4.883523778820551,0
1711619597661.jpg,0.0942907442621261,1690.9172609129114,2.2007738668891412,0
1711619599472.jpg,0.22294626107867363,2410.269306535355,1.2132903828537802,0
1711619606739.jpg,0.2093464258857635,7028.585417316202,6.383684837284364,0
1711619613132.jpg,0.06688087346671961,1765.4112775597034,3.594507269789984,0
1711619614894.jpg,0.056729690535474865,1735.7584564048716,6.125352690090915,0
1711619628102.jpg,0.06529995105853018,1788.6093124499703,4.605690120794691,0
1711619629800.jpg,0.056729690535474865,1735.7584564048716,6.125352690090915,0
1711619642205.jpg,0.10595622924157859,1166.369798775025,1.8662874844476043,0
1711619643204.jpg,0.11593704586175126,5410.736945196768,11.71209786726289,0
1711619646726.jpg,0.08505554567533848,1199.368910882695,4.293489537611926,0
1711619658755.jpg,0.03998621866475681,1569.941279457647,5.4613297150610585,0
1711619659491.jpg,0.04033795012348491,861.6997063517159,6.384408602150538,0
1711619664968.jpg,0.07154243006406578,6518.647016159834,15.034389227937615,0
1711619670649.jpg,0.05471747555408443,1408.2308478585205,4.234404536862003,0
1711619673786.jpg,0.03224423314438578,1254.569950598107,4.390549864102028,0
1711619682258.jpg,0.06989577365806705,6747.347242777809,11.247603771370446,0
1711619685073.jpg,0.09918470140130296,1849.59615002551,1.8625544386315702,0
1711619690184.jpg,0.11418090137560197,1491.031068388182,1.4302769536282933,0
1711619699275.jpg,0.01153779759475326,430.6684502140273,0.34790676098805523,0
1711619699344.jpg,0.06984914209930097,2096.874028613574,4.390649104070251,0
1711619702541.jpg,0.12916907915165501,3657.5157322476894,3.8105835546551057,0
1711619708531.jpg,0.15747990227303882,1244.4994832228367,0.9301611141452758,0
1711619711460.jpg,0.0164693625128017,1562.5647356450195,6.7892035105149855,0
1711619711919.jpg,0.039544790132940696,840.8425666536463,3.5410764872521248,0
1711619724586.jpg,0.058121143534610516,1513.4985522168947,2.155671966992722,0
1711619725760.jpg,0.01097474313009933,893.8944920023856,5.23305342582451,0
1711619729437.jpg,0.12558801950714255,1633.500750665353,2.265869138003243,0
1711619741782.jpg,0.0036141795771842083,1449.2396509781474,14.942099364960777,0
1711619743793.jpg,0.03135805685326358,615.8165343602179,5.052883997773305,0
1711619749347.jpg,0.026941377997716027,1582.8834663749751,5.197295388031083,0
1711619757845.jpg,0.004230319174750737,897.8289799736278,12.424338961452692,0
1711619758907.jpg,0.007239932242522258,825.1376710693963,8.918617614269788,0
1711619769983.jpg,0.035209208793490675,1024.2079814529593,3.41429347404361,0
1711619774353.jpg,0.007239932242522258,825.1376710693963,8.918617614269788,0
1711619785277.jpg,0.006593761141544897,1032.5387859388018,8.016443987667008,0
1711619787260.jpg,0.06349104620298121,686.1196191971335,1.1986625449498456,0
1711619800956.jpg,0.007239932242522258,825.1376710693963,8.918617614269788,0
1711619810341.jpg,0.005308426015327373,1583.4089165359273,18.513821962972354,0
1711619813476.jpg,0.03135805685326358,615.8165343602179,5.052883997773305,0
1711619823401.jpg,0.11741270851611646,1658.3166636989936,1.8680862494200385,0
1711619829491.jpg,0.01251588852928296,679.2542727769461,5.44,0
1711619842532.jpg,0.04644819630728389,1036.3430343773655,4.821914566323511,0
1711619844852.jpg,0.01194316148183075,710.9732857921871,8.186609846360883,0
1711619856482.jpg,0.026239892493656772,1434.9277616727877,6.2464508801817145,0
1711619859633.jpg,0.01194316148183075,710.9732857921871,8.186609846360883,0
1711619871956.jpg,0.10590421775780956,1256.31986091822,1.341144021154649,0
1711619874146.jpg,0.003076972862771325,802.8987473189538,20.148926850635128,0
1711619879488.jpg,0.026710816777041943,1428.392268493505,5.8212058212058215,0
1711619889055.jpg,0.006929965330163825,772.1621790573447,10.58506543494996,0
1711619889925.jpg,0.05807851312102735,1399.1964413169653,5.0610577146306355,0
1711619903867.jpg,0.0679428092381743,1500.65471366474,1.8936373784085472,0
1711619904785.jpg,0.01194316148183075,710.9732857921871,8.186609846360883,0
1711619905417.jpg,0.020961920756090664,1187.7869706109307,7.810987024724033,0
1711619917666.jpg,0.003076972862771325,802.8987473189538,20.148926850635128,0
1711619919810.jpg,0.10880013697345732,1369.2813061523882,1.5611730029474946,0
1711619919920.jpg,0.04054509141442535,2100.768958861743,8.746355685131196,0
1711619930865.jpg,0.01251588852928296,679.2542727769461,5.44,0
1711619934998.jpg,0.027622573799434544,1140.5866510534681,4.817003525847942,0
1711619935415.jpg,0.04753668841246626,1292.56921466199,5.588503649635037,0
1711619945845.jpg,0.006929965330163825,772.1621790573447,10.58506543494996,0
1711619951875.jpg,0.029981473731277766,1507.7827919327751,9.184322997181049,0
1711619957783.jpg,0.07479540696567913,862.1679539162665,2.93168618051074,0
1711619961576.jpg,0.006642315528070112,708.3673220952553,9.274193548387096,0
1711619970420.jpg,0.02067746948314413,1005.0969999423564,3.9757544156944533,0
1711619971793.jpg,0.12142205746260916,1331.9538833063739,1.763922786776126,0
1711619975550.jpg,0.00699013542885805,921.3903004319394,11.478859766596518,0
1711619987058.jpg,0.2051207550113935,1407.624983682092,0.9180990104204237,0
1711619989822.jpg,0.06024457515215381,1149.0233293033139,2.7441881219044215,0
1711619992068.jpg,0.012638524297499442,876.757298285546,4.443504020313161,0
1711620004960.jpg,0.12042552788484824,1443.5026381008358,2.3255552684499667,0
1711620007750.jpg,0.015351388662324723,1170.2596622295468,11.327713382507904,0
1711620013604.jpg,0.10178192408312355,1780.9503314463075,4.297280185362305,0
1711620027635.jpg,0.2051207550113935,1407.624983682092,0.9180990104204237,0
1711620043731.jpg,0.10486253108688398,661.0701771919082,1.0607370157931955,0
1711620049947.jpg,0.13406635776094855,2024.3918651923364,3.3347950681746332,0
1711620066862.jpg,0.0316790410078802,2360.518492595344,12.228202368137783,0
1711620078146.jpg,0.07112778729539018,1026.1715397335217,3.1681203122316166,0
1711620090107.jpg,0.06613805231860126,913.6742724409636,0.8924044214582699,0
1711620101043.jpg,0.0449109401007328,1372.7380492033165,6.377282435399934,0
1711620108490.jpg,0.06613805231860126,913.6742724409636,0.8924044214582699,0
1711620125942.jpg,0.0904819462393732,1027.6327845349715,1.1628947133017264,0
1711620127211.jpg,0.022460749284665904,1770.0749555867176,9.900396015840633,0
1711620141055.jpg,0.05470311577487379,1024.484585442592,2.9857321161988204,0
1711620155281.jpg,0.018559452356478177,1706.3124426367706,11.689924746109448,0
1711620155830.jpg,0.052029340653496375,3739.621445911309,5.503865810509763,0
1711620169320.jpg,0.015096564391155478,422.675463154609,4.770739464617016,0
1711620172028.jpg,0.015254656763423635,3820.8070261383946,21.392280951956504,0
1711620197886.jpg,0.0708505958500262,1589.879928780383,2.6295378445356694,0
1711620200201.jpg,0.03308025957612941,1426.2326332461473,9.327601589747749,0
1711620215219.jpg,0.14492899034653994,1276.5393452803005,2.0399497858514253,0
1711620215339.jpg,0.12698633805140744,1425.4889472192888,2.8222113357047007,0
1711620229928.jpg,0.0560048095374846,1193.4620274311446,2.707559602252306,0
1711620230197.jpg,0.10281063083288595,1329.6683532230504,5.063491435578939,0
1711620231370.jpg,0.015707207746521505,1403.3929559138476,5.395221375353258,0
1711620243444.jpg,0.09940351201206626,1529.3027182057078,4.308255694975497,0
1711620244728.jpg,0.15426589720664335,1401.8793717088824,1.2469594386926246,0
1711620249602.jpg,0.009785385522056118,578.5982351761163,5.040871934604905,0
1711620257974.jpg,0.16639915839689753,1308.7785983023653,1.080773606370876,0
1711620259505.jpg,0.020139093828368294,946.4281178375466,8.296534189749766,0
1711620273682.jpg,0.037117912814204276,1731.8870022169838,6.723180356620872,0
1711620274249.jpg,0.0777467897970064,1039.689951972501,3.2563188091176927,0
1711620288429.jpg,0.05904715673048814,948.532469561223,3.4291683698959896,0
1711620292008.jpg,0.005639412431819409,989.5342934970819,6.941120153183341,0
1711620303400.jpg,0.010056821441388796,815.594998155598,9.55033824114604,0
1711620304096.jpg,0.12439257876054337,1565.9629788354216,1.8126560295234995,0
1711620316966.jpg,0.026953686667747636,1089.230373306292,7.0594084016902805,0
1711620320190.jpg,0.10276723930552252,1287.2456701195533,2.7984830652543478,0
1711620329285.jpg,0.052340146613533,1134.0675418426363,6.146124100489129,0
1711620337235.jpg,0.07616548940464178,1300.6765607537345,4.433767289042765,0
1711620338287.jpg,0.030752233374436062,791.9790849490292,4.430929626411816,0
1711620346662.jpg,0.03956784961701843,1108.2007510391343,1.724429416737109,0
1711620353514.jpg,0.027294070432427008,737.1725388767037,4.999019800039208,0
1711620354355.jpg,0.009874664059925991,1263.2648449210403,7.030603804797353,0
1711620369337.jpg,0.035374005076681564,1112.6622144970947,3.840596243060309,0
1711620369459.jpg,0.04065213643905277,1352.4924149679218,2.8489084705336736,0
1711620370301.jpg,0.03424268622132787,1118.8504996952709,2.520677432059866,0
1711620383603.jpg,0.0037872149722748038,721.7710526354663,7.768361581920904,0
1711620385396.jpg,0.052702063751923406,1549.6734314367384,5.9636476780667405,0
1711620395845.jpg,0.002599232243585193,2073.1190013645446,34.120734908136484,0
1711620397815.jpg,0.0039615846338535415,550.0363906361146,16.82935038707506,0
1711620401626.jpg,0.12949310613594217,1304.3552128129222,2.168904754986406,0
1711620411053.jpg,0.08710860790790885,1972.5056949250704,2.835262030602339,0
1711620413215.jpg,0.015955597564221654,2302.4400336260446,20.425531914893615,0
1711620424915.jpg,0.04065213643905277,1352.4924149679218,2.8489084705336736,0
1711620426508.jpg,0.015367736594422766,1108.8632571138294,12.202562538133009,0
1711620429324.jpg,0.004694609173451268,1559.1801078398985,25.970319634703195,0
1711620441295.jpg,0.04464580634114708,554.0217111218135,2.1741756250754922,0
1711620445005.jpg,0.028918984365593755,1857.9578038353695,6.735896716250351,0
1711620461429.jpg,0.005227865590508756,606.2185343523403,14.28207090028054,0
1711620476505.jpg,0.08215875520208647,1488.62381672254,1.551273677335075,0
1711620478900.jpg,0.004772248156904159,672.9845520491775,12.569832402234638,0
1711620486564.jpg,0.0022151123176403736,1104.6799433516446,25.51640340218712,0
1711620492369.jpg,0.029974048794773965,1336.923241458544,5.880224353175321,0
1711620493146.jpg,0.0276986918874577,661.6896339625364,2.5563111947137416,0
1711620496646.jpg,0.0056427394808733905,1102.1901633695488,17.775642565457602,0
1711620509225.jpg,0.08331988675536518,1151.8049981763238,1.9365887229717835,0
1711620514461.jpg,0.0056427394808733905,1102.1901633695488,17.775642565457602,0
1711620541944.jpg,0.08684373683179318,1068.1813225721503,1.6688815403158512,0
1711620545235.jpg,0.06623658221822314,1434.2264251184788,3.4687603855101363,0
1711620556382.jpg,0.18143440671258879,1498.8207259231117,1.1312049920889586,0
1711620559104.jpg,0.003982848873755193,662.2587851858881,12.420275260154416,0
1711620572480.jpg,0.02675323769568343,1800.184054657667,7.16863845999599,0
1711620575833.jpg,0.0008099990777238224,1052.8250986944606,37.89126853377265,0
1711620586276.jpg,0.01428563693853684,1209.7435461461282,5.116058739933681,0
1711620589764.jpg,0.08930979839066468,1108.6194607616662,1.486107149826621,0
1711620604977.jpg,0.011959990346196133,1248.078340718163,7.2861786795202335,0
1711620606884.jpg,0.0004887552719104021,1019.0375454300524,19.178082191780824,0
1711620620908.jpg,0.017611284510589277,1395.999925147033,8.06206267112869,0
1711620622921.jpg,0.0007084378606531174,1141.6399721677724,30.534351145038165,0
1711620637964.jpg,0.0018710763676853788,873.4087364283051,21.59827213822894,0
1711620642545.jpg,0.01428563693853684,1209.7435461461282,5.116058739933681,0
1711620655670.jpg,0.006086986820909644,1242.2378415939093,17.829627999119523,0
1711620659145.jpg,0.011959990346196133,1248.078340718163,7.2861786795202335,0
1711620670101.jpg,0.0006642387904631003,1449.6741346207002,60.97560975609756,0
1711620676796.jpg,0.017611284510589277,1395.999925147033,8.06206267112869,0
1711620688084.jpg,0.0035079242104808514,1539.2362892019298,23.076923076923077,0
1711620702581.jpg,0.0015368352686321231,1119.1094204684925,22.589052997393573,0
1711620724486.jpg,0.0035079242104808514,1539.2362892019298,23.076923076923077,0
1711620734381.jpg,0.024827746411745153,775.174618205407,4.193999354769329,0
1711620735161.jpg,0.006848526241077766,1344.5166649347052,9.188660801564028,0
1711620752140.jpg,0.13006761552845167,1538.2740016031466,1.5904035259142222,0
1711620752886.jpg,0.014072308260387932,1228.5178134698006,15.337127423555513,0
1711620756184.jpg,0.021303618339694783,796.6209873050088,6.463353413654618,0
1711620775405.jpg,0.010800257988358476,791.0980026132867,7.417480529113611,0
1711620787465.jpg,0.01952074120641746,1202.0178094178266,4.806371875858281,0
1711620787904.jpg,0.014091333212504447,1001.5829003566583,10.860245784509859,0
1711620792626.jpg,0.11578683388943128,641.8656641142679,0.8802409080379894,0
1711620803539.jpg,0.04531100299200882,1185.1633929608925,1.3584147890027465,0
1711620809912.jpg,0.0710505990480441,1586.5151328237664,3.0279094260136916,0
1711620812342.jpg,0.05908000198732676,903.2988163318494,2.909157026296052,0
1711620832040.jpg,0.11831161853593015,1463.6325937257852,3.9507742609327456,0
1711620833856.jpg,0.007645086227751396,1124.2512766049329,15.556720852997728,0
1711620835033.jpg,0.0377452799974271,851.9337162448817,4.828173814257314,0
1711620846501.jpg,0.0052854645051071455,983.8502903060275,18.19100555836281,0
1711620852899.jpg,0.027024304683523393,1384.889398556784,9.740098394871541,0
1711620856057.jpg,0.02728540609441625,270.9059170367221,3.371610065966284,0
1711620871080.jpg,0.004193379029898699,905.0560568070445,22.929936305732483,0
1711620871399.jpg,0.002989085613366,1354.7864996940593,34.08071748878923,0
1711620872671.jpg,0.00931247531645146,672.9925070712463,8.624407072013799,0
1711620888132.jpg,0.013425207385603426,1172.9646158216067,8.868958644743397,0
1711620890020.jpg,0.08860048084817239,1399.5818773784958,2.7722951288966566,0
1711620893321.jpg,0.006617857898954059,758.2730154103784,20.242914979757085,0
1711620905863.jpg,0.16724902612414358,1969.6831955429466,2.602351033644102,0
1711620910778.jpg,0.0018492163005191513,1171.544791433437,26.143790849673202,0
1711620911038.jpg,0.012919405859811271,433.8988435253128,6.625258799171843,0
1711620926586.jpg,0.1951573149704612,2042.2574787100382,1.1216816916621661,0
1711620929897.jpg,0.0007239680433252564,1457.147996563942,42.59259259259259,0
1711620939749.jpg,0.012919405859811271,433.8988435253128,6.625258799171843,0
1711620944416.jpg,0.11771598039825847,2184.222293238751,2.413598905835163,0
1711620946474.jpg,0.005824241328269941,668.1317289135758,10.57714417107381,0
1711620959032.jpg,0.00415651674819971,522.5060618031341,6.099518459069021,0
1711620970372.jpg,0.0713033583049975,1996.009638914017,4.578702384345017,0
1711620970519.jpg,0.03243983486053771,1234.5927603081382,7.697719654016471,0
1711620986772.jpg,0.028492116396893884,792.9733077055508,6.406301902908936,0
1711620988114.jpg,0.046060096088596944,906.1030245292575,4.419694157164324,0
1711621011627.jpg,0.03496117305164789,1754.4931835551688,6.387921022067364,0
1711621013316.jpg,0.04641355291800629,1263.5256582538043,6.860569023666081,0
1711621026727.jpg,0.04813250678554702,1427.8330099041652,3.6171942910018786,0
1711621028067.jpg,0.055765147683491716,649.0597816764669,1.8426342490667176,0
1711621034803.jpg,0.012547027916065634,788.4440357595479,13.34187213149749,0
1711621044959.jpg,0.0062220389039182936,1344.8062582686796,25.774312324019927,0
1711621052379.jpg,0.03384518917224222,3333.167716070654,7.865527429529666,0
1711621054722.jpg,0.042291254192696255,790.6861421275227,1.2011632317612846,0
1711621061870.jpg,0.0029022615941282095,1722.9435221974952,12.143858010275572,0
1711621071569.jpg,0.10708732346033822,2795.2738741961693,2.353265155403122,0
1711621097058.jpg,0.002627643236065376,751.757891245772,41.3265306122449,0
1711621097517.jpg,0.06692740892721658,1013.1470526860173,1.5367727771679471,0
1711621113849.jpg,0.0684830951250054,3348.561768850368,5.3789923748349855,0
1711621118127.jpg,0.0009456697060918596,2307.8270422187634,90.77809798270893,0
1711621122855.jpg,0.0977571077148049,812.6125201908413,0.630119722747322,0
1711621139750.jpg,0.017688361149169263,499.25094627219846,3.0950403865026046,0
1711621141409.jpg,0.0007352081364825868,840.3309079734062,36.4963503649635,0
1711621144228.jpg,0.026809468220131694,489.388472841651,4.999000199960007,0
1711621163097.jpg,0.0011850702692802852,1080.8495441049165,47.67309875141884,0
1711621163720.jpg,0.00019639252318968178,656.3655959420737,87.83783783783784,0
1711621166099.jpg,0.1382846317808946,884.6780828732842,2.0151328728238016,0
1711621178922.jpg,0.09372045420325202,7212.221660141609,7.699878422972269,0
1711621188863.jpg,0.009686229972874801,851.0061184708647,5.813148788927336,0
1711621192979.jpg,0.0598231889416842,4854.062340208169,6.789831043739144,0
1711621195213.jpg,0.0007649732877370799,1451.2007321010517,55.55555555555555,0
1711621205333.jpg,0.04495151215639254,2523.4282007901015,3.9949537426408748,0
1711621210787.jpg,0.014334459998899722,1268.7632870323666,9.17259453388244,0
1711621217692.jpg,0.06678531653605685,5074.335266378996,8.449445505138726,0
1711621236643.jpg,0.05420722451480776,849.6869996048539,2.8814895084228156,0
1711621242728.jpg,0.014334459998899722,1268.7632870323666,9.17259453388244,0
1711621244058.jpg,0.04375199635728509,4068.122652900368,9.754582168375272,0
1711621254977.jpg,0.08035651184839179,705.2346437392413,1.3938901149959344,0
1711621256517.jpg,0.012198922636719012,2881.7368826801785,18.93855978859282,0
1711621262929.jpg,0.012997549927085936,759.0584766181763,3.3933161953727504,0
1711621274551.jpg,0.09794681653682134,1270.1919902650811,0.9336555360281195,0
1711621274912.jpg,0.032268161587991194,2736.305712458196,6.286166271179384,0
1711621283194.jpg,0.06848920940328207,852.9710286375707,1.97338856216174,0
1711621290096.jpg,0.033883841992446664,2785.884862974279,8.394248534018796,0
1711621295212.jpg,0.0007522672311586665,1269.9885675218459,53.57142857142857,0
1711621313133.jpg,0.09320165699012427,883.9410548216823,2.3103692258819115,0
1711621313532.jpg,0.019967024707223044,3166.894503338548,14.638424177010254,0
1711621313568.jpg,0.028943220852697515,1212.5526986846367,5.072834737283008,0
1711621326363.jpg,0.003978060960262324,1775.4728725585112,24.949426837491572,0
1711621333974.jpg,0.17794196546542138,932.9623423667299,0.8400273008872788,0
1711621349195.jpg,0.040352571875266724,1911.988180809204,4.633049083462029,0
1711621353021.jpg,0.049604881303610335,724.3247542591728,4.294511668107174,0
1711621355982.jpg,0.09320165699012427,883.9410548216823,2.3103692258819115,0
1711621368852.jpg,0.03229748955833402,1118.7340758600117,6.9594932488748125,0
1711621372380.jpg,0.019474396513681973,1085.4458627020526,5.5096418732782375,0
1711621378730.jpg,0.0645890633518552,3409.1638199138883,5.641155173865454,0
1711621381945.jpg,0.04628516275834551,2502.0468290729805,8.678684800652357,0
1711621390370.jpg,0.0872262891766304,3781.108744711407,4.758594051757436,0
1711621404198.jpg,0.009520384626222587,871.7692076886716,12.54227733934611,0
1711621405285.jpg,0.02606658858959344,1052.9963869371365,7.855822550831793,0
1711621406751.jpg,0.03838909741561394,4505.46433255547,8.340342024109898,0
1711621417676.jpg,0.011816022006219382,703.616921529877,8.726201269265639,0
1711621418021.jpg,0.09786683694890588,4334.039092256429,4.0693022870858275,0
1711621423515.jpg,0.005305359296223478,1328.804335193778,14.627994955863809,0
1711621429794.jpg,0.04358735828587676,4534.057523322479,10.575979228016847,0
1711621440777.jpg,0.007702126738928193,1668.290615921002,24.5743373705459,0
1711621443791.jpg,0.059284262651898983,5233.971441393949,9.030526363677723,0
1711621459471.jpg,0.015211717608253707,2270.0796937076675,11.717352415026834,0
1711621464325.jpg,0.02635262745566597,1173.7158527266643,5.92478104070067,0
1711621471624.jpg,0.041254298929280946,4887.2916866685955,9.787262964725073,0
1711621473917.jpg,0.029488791257100123,556.5326372744076,6.180975321547062,0
1711621484816.jpg,0.04460883210042591,5851.526127566002,7.909674617699061,0
1711621489347.jpg,0.014634595939019845,920.2429804677764,12.138359039883179,0
1711621497638.jpg,0.046039654552097874,6945.491666720006,18.486986134760397,0
1711621509438.jpg,0.14492326764817318,819.276642596255,0.7944499357973599,0
1711621525452.jpg,0.008452571385807432,1270.5175262099708,20.07587733164717,0
1711621538716.jpg,0.061611050423626544,7473.996902383573,16.55231755089102,0
1711621543752.jpg,0.01437714188028709,1259.5331144629597,10.774660969719488,0
1711621554412.jpg,0.1452907611135752,8024.760150380307,5.243936698192715,0
1711621567541.jpg,0.060242358492978654,1849.3852892814925,5.831359756914965,0
1711621568883.jpg,0.22572179881922727,1821.342412442457,1.0606716006660306,0
1711621579930.jpg,0.04268010703106414,1350.6259834891498,5.480052608505042,0
1711621594342.jpg,0.0315365974940035,2397.375452636427,11.03244581505451,0
1711621595988.jpg,0.038787912846614536,822.5663027441623,4.001379786133149,0
1711621600102.jpg,0.0977571077148049,812.6125201908413,0.630119722747322,0
1711621614487.jpg,0.1467842772465712,3904.311584922554,3.6107401096117533,0
1711621622658.jpg,0.017688361149169263,499.25094627219846,3.0950403865026046,0
1711621628257.jpg,0.04623915655876627,2334.908677898697,6.211362104831385,0
1711621629669.jpg,0.008222997075553556,1247.0399518781178,14.490394008466298,0
1711621645427.jpg,0.0315365974940035,2397.375452636427,11.03244581505451,0
1711621656108.jpg,0.057685523699570265,761.5150151399835,2.084732806745269,0
1711621659218.jpg,0.1467842772465712,3904.311584922554,3.6107401096117533,0
1711621666987.jpg,0.04022683987075092,883.4868236156603,5.806044922198998,0
1711621673342.jpg,0.08921864944454926,2198.5193698861153,4.423849799052247,0
1711621685899.jpg,0.08899695068710288,3462.03621642627,2.369704013403167,0
1711621686520.jpg,0.2207847344458851,1458.6118128763958,1.3979269171133113,0
1711621696787.jpg,0.0048593114280783105,650.4982885617807,11.010184420589045,0
1711621702110.jpg,0.08071045576407507,2410.9573420022134,2.9728787098702893,0
1711621707356.jpg,0.19287384840112026,1446.6308075134627,1.2947236530697481,0
1711621720008.jpg,0.000323428232344427,404.2808526107947,65.84362139917695,0
1711621720292.jpg,0.0315365974940035,2397.375452636427,11.03244581505451,0
1711621724247.jpg,0.008071645873230822,1462.3930303586992,13.399503722084368,0
1711621740656.jpg,0.0033795404628029707,1365.009430456622,34.045922406967534,0
1711621740914.jpg,0.05243782579525302,850.0043717360195,2.230654838213425,0
1711621759338.jpg,0.04218295646890326,3562.565398949766,10.706362730283253,0
1711621763462.jpg,0.06222951315065241,1223.1099532841204,5.116087493767479,0
1711621771570.jpg,0.13129458560100352,1787.7579977347225,1.255486373379606,0
1711621785681.jpg,0.03404304348292087,2531.604219216334,7.673842036913148,0
1711621786371.jpg,0.03318006208898344,1145.5484520820269,6.002108849055073,0
1711621793823.jpg,0.053150656361674736,1033.1364538709208,2.112835475513746,0
1711621802799.jpg,0.03020686901065502,1799.4449265669282,9.182858663827522,0
1711621805970.jpg,0.0101749487311374,613.954750135741,6.170408297229881,0
1711621815379.jpg,0.09631446186451532,1766.7206051080284,2.463571338587086,0
1711621816860.jpg,0.1269226039957017,1211.6763894642668,1.2004422682040752,0
1711621824827.jpg,0.07740257308690186,469.51913826950334,2.1251598189294723,0
1711621831473.jpg,0.08142746302497698,3677.670558571717,4.443274199387816,0
1711621844160.jpg,0.005798871967362007,873.4637010761649,5.978385835824327,0
1711621845864.jpg,0.05956353748515479,1650.5433174665425,5.706294968085346,0
1711621847130.jpg,0.015278768278927502,963.5309974315672,8.93169877408056,0
1711621848410.jpg,0.012835359176522121,958.4587321598478,5.971422478140328,0
1711621860159.jpg,0.1301433665474435,5862.855155584932,5.237732541761005,0
1711621876795.jpg,0.20890228619813717,6827.570054241328,4.805540963831981,0
1711621878665.jpg,0.0977571077148049,812.6125201908413,0.630119722747322,0
1711621882816.jpg,0.25224358025057014,1863.4433559635884,0.8379411199590103,0
1711621889967.jpg,0.10893114908637096,2356.218295257338,3.2943663876289166,0
1711621903624.jpg,0.07435020094648905,2763.837341114524,5.434387495456198,0
1711621907787.jpg,0.02608170113315966,1048.904719403389,8.528565556925606,0
1711621917800.jpg,0.0190879660444959,2468.474748526592,14.324645377681504,0
1711621920880.jpg,0.011254019292604502,1142.5210382043197,18.527372699019843,0
1711621929596.jpg,0.037129353747747916,990.4172144754531,8.635016980995736,0
1711621931246.jpg,0.1301433665474435,5862.855155584932,5.237732541761005,0
1711621934590.jpg,0.004513874526830401,868.7277624437801,17.13947990543735,0
1711621946194.jpg,0.051076647099378175,1073.8837102926234,4.3506748787839085,0
1711621948174.jpg,0.01349444787877722,966.3727186836156,15.736193244462262,0
1711621961123.jpg,0.06100156695385241,1105.851940626418,3.835448309115217,0
1711621961346.jpg,0.02934934368417821,929.0561043609807,3.6381827277275,0
1711621977138.jpg,0.12139553344835374,997.3018496093124,1.8824720931768644,0
1711621977783.jpg,0.01349444787877722,966.3727186836156,15.736193244462262,0
1711621981978.jpg,0.08947231490521301,966.3097025691895,2.2782457507719056,0
1711621992779.jpg,0.13072664387618269,2058.537927225511,2.444237633078001,0
1711622006337.jpg,0.12282193522447582,262.4950772785631,1.7915795759928337,0
1711622009242.jpg,0.02934934368417821,929.0561043609807,3.6381827277275,0
1711622013739.jpg,0.16579269557305432,979.9206662911686,0.9765388557547192,0
1711622025358.jpg,0.015530893146812714,936.7577060246082,3.877638948728996,0
1711622029243.jpg,0.07351862592974887,1566.0265556897339,2.342992074097124,0
1711622034422.jpg,0.00014559871125104023,595.4315271516538,200.0,0
1711622038844.jpg,0.05852548315283439,1778.9041091124534,3.1008820286659318,0
1711622039332.jpg,0.06627070499382899,789.3509032163938,2.444049446554092,0
1711622056439.jpg,0.006737379162191192,1355.319209194751,22.51444510858737,0
1711622059707.jpg,0.0869231101092572,706.4564507565705,2.481582008530438,0
1711622064078.jpg,0.2292332428498683,983.1891396325052,0.28569096400293853,0
1711622074002.jpg,0.010292045976030138,795.8474960597108,11.016070502851218,0
1711622081681.jpg,0.18214241642209858,921.3964562591938,0.4639380237713006,0
1711622083239.jpg,0.1285778420311427,1056.6623073320316,2.712195527475268,0
1711622096796.jpg,0.023389173440150877,1585.6640424631914,11.198529834032046,0
1711622108347.jpg,0.07314734088927638,950.8430221110838,1.668622561243949,0
1711622112190.jpg,0.0869231101092572,706.4564507565705,2.481582008530438,0
1711622124092.jpg,0.2292332428498683,983.1891396325052,0.28569096400293853,0
1711622125869.jpg,0.1679286508448153,785.9889289211823,1.0729954854708463,0
1711622140289.jpg,0.10416948932088295,1079.5091231122242,3.186535910308769,0
1711622141690.jpg,0.023888859998959962,508.02008687529127,1.506948707931015,0
1711622143890.jpg,0.04050530552115803,827.5976378644039,5.995519831334827,0
1711622155798.jpg,0.05159248887535274,884.7345977954759,3.186626616168212,0
1711622164227.jpg,0.03366427084033049,740.9289518321136,5.507003471806536,0
1711622201289.jpg,0.18214241642209858,921.3964562591938,0.4639380237713006,0
1711622215237.jpg,0.09521095790250413,1492.8303414898055,4.44670308728243,0
1711622220603.jpg,0.07314734088927638,950.8430221110838,1.668622561243949,0
1711622242655.jpg,0.01875897442747327,879.1646496834389,9.825560697757208,0
1711622243657.jpg,0.0018014072074983409,617.5613662438692,18.51851851851852,0
1711622245381.jpg,0.043323304540994034,574.8030528332439,4.853613764350829,0
1711622259176.jpg,0.029329494752107266,1395.3714990234623,9.55035642478523,0
1711622260535.jpg,0.0644152126955254,899.1547576500171,3.218304887670778,0
1711622271191.jpg,0.029783603195077595,681.8595259712196,5.828028333183897,0
1711622277494.jpg,0.04302366693026231,1184.522231671543,7.245240410249976,0
1711622287987.jpg,0.03333006857337593,736.3983404523872,2.173650525298877,0
1711622297550.jpg,0.01160309271370733,1280.544620677189,19.253208868144693,0
1711622299962.jpg,0.023888859998959962,508.02008687529127,1.506948707931015,0
1711622304641.jpg,0.026613845294326782,1034.2844894924697,2.762014764224376,0
1711622311750.jpg,0.05634072603600309,480.32640437824665,1.6166611193000808,0
1711622326229.jpg,0.01370772438684582,735.2851700259282,2.630809704764689,0
1711622335813.jpg,0.016549459630492407,1224.721334944593,11.196815128141328,0
1711622340472.jpg,0.022819693000579018,828.5935216495561,3.164186101019571,0
1711622344157.jpg,0.040852592138283086,1247.6088074663044,3.245050478563,0
1711622351575.jpg,0.014589757591331534,496.69303284395653,7.33810310034856,0
1711622352013.jpg,0.03717895720145167,1191.490415336619,5.162082160132842,0
1711622365571.jpg,6.147045342477286e-05,408.9373799197671,106.38297872340425,0
1711622368543.jpg,0.02931992942075691,1224.262214131392,8.273248289887226,0
1711622392352.jpg,0.022144976096977975,531.3406360515548,1.987592603746311,0
1711622405212.jpg,0.09873300619419194,696.1201601216272,0.48885147062817413,0
1711622415826.jpg,0.0326986648899367,1229.3967363168576,6.7642812951123945,0
1711622419423.jpg,0.00028010718768382034,419.27335782968703,28.43601895734597,0
1711622436034.jpg,0.02016608621479078,470.1882903666395,4.103786073603389,0
1711622437737.jpg,0.05268868948207698,1560.9782629620358,3.4024917495970732,0
1711622441701.jpg,0.011985154219256638,796.6043274578453,4.806617482673821,0
1711622451928.jpg,0.03903557441035358,764.3782572692534,2.5655059177669837,0
1711622464432.jpg,0.012014341250620175,1132.236882330468,7.90205898720089,0
1711622467061.jpg,0.016815978063432525,549.7823879936795,7.498404594767071,0
1711622481185.jpg,0.030765476742883657,718.7803872969977,4.203865823004247,0
1711622485537.jpg,0.09586523036458425,2052.1512349585605,2.3424459624367047,0
1711622494579.jpg,0.03684093330364369,868.0705053273768,4.885816655206109,0
1711622500461.jpg,0.07955840360355529,1501.1206929060052,4.212583830418225,0
1711622510157.jpg,0.027078709191179908,769.6489081953729,2.9114236368122377,0
1711622516610.jpg,0.16040517392535844,1528.358255793978,1.6480698243460274,0
1711622527089.jpg,0.027078709191179908,769.6489081953729,2.9114236368122377,0
1711622533214.jpg,0.0488249123398246,1449.0318010044018,2.3280655145024785,0
1711622545865.jpg,0.016815978063432525,549.7823879936795,7.498404594767071,0
1711622554835.jpg,0.0422233267019408,1596.8599467567876,5.676897912056192,0
1711622561817.jpg,0.030765476742883657,718.7803872969977,4.203865823004247,0
1711622566353.jpg,0.01795920335502779,1108.2225842177827,7.830561563129241,0
1711622574011.jpg,0.03684093330364369,868.0705053273768,4.885816655206109,0
1711622579246.jpg,0.10936899339197244,1990.909953889424,3.169552562774407,0
1711622580989.jpg,0.009882093878539246,1162.194643902387,13.411796907075408,0
1711622590325.jpg,0.027078709191179908,769.6489081953729,2.9114236368122377,0
1711622603796.jpg,0.009882093878539246,1162.194643902387,13.411796907075408,0
1711622606694.jpg,0.04536526049948555,861.0165502019825,3.004329769373509,0
1711622622155.jpg,0.013591789035110005,578.5901522867277,4.229785559708834,0
1711622627022.jpg,0.03372055654918892,1373.9054577438844,9.48972616510515,0
1711622636070.jpg,0.1522711027887017,1823.7260418152869,2.445184147353579,0
1711622641630.jpg,0.004801145967932675,599.8606878942867,11.686143572621035,0
1711622657111.jpg,0.07177910475097705,654.2957503240165,0.9380863039399625,0
1711622672346.jpg,0.07135237738774747,712.6460370368208,1.7047902733284626,0
1711622680529.jpg,0.03372055654918892,1373.9054577438844,9.48972616510515,0
1711622688512.jpg,0.06671662065290127,553.4355869979835,2.102060018818442,0
1711622700039.jpg,0.06286989001584829,2075.6574389880325,4.486637622732297,0
1711622704388.jpg,0.03903557441035358,764.3782572692534,2.5655059177669837,0
1711622709593.jpg,0.015714178713205004,1070.1438177173566,7.712305025996534,0
1711622719495.jpg,0.14180936848156814,1653.9205911579443,3.2470688884136027,0
1711622739700.jpg,0.005165253155199527,1220.5452952643343,16.129032258064516,0
1711622740893.jpg,0.026506483600305112,629.4768680911411,3.269946674715766,0
1711622741673.jpg,0.015665120050452723,2612.900085822767,13.118878605445232,0
1711622755860.jpg,0.009129607559149383,483.6719099580096,5.414105940883816,0
1711622765830.jpg,0.13821640552592224,2005.6875762973232,3.6000039560483037,0
1711622767924.jpg,0.015721489296901592,1556.243721457459,11.569813305285301,0
1711622809064.jpg,0.013094498293074644,1536.3760009141922,8.935907970419063,0
1711622815415.jpg,0.009129607559149383,483.6719099580096,5.414105940883816,0
1711622839316.jpg,0.00453826526394683,1717.4675865950944,21.547799696509863,0
1711622873600.jpg,0.015928644465412145,1647.4298711723286,11.025641025641026,0
1711622892119.jpg,0.013012617765134108,1796.2381610194302,13.358185771978874,0
1711622926097.jpg,0.009303155529781048,2013.1105222463798,28.475955252070317,0
1711622953032.jpg,0.020460316755416857,3711.3486431601905,14.40315685629727,0
1711622961963.jpg,0.009129607559149383,483.6719099580096,5.414105940883816,0
1711622974391.jpg,0.08312665110154224,1395.628426206885,4.729664064271599,0
1711623007307.jpg,0.03808292850797513,913.2777495988546,0.8055477724852901,0
1711623017781.jpg,0.04192067120432796,2135.74536001401,10.30199942231779,0
1711623051639.jpg,0.015553020929473358,1916.9829959519436,13.041976161685957,0
1711623071641.jpg,0.003533066853581374,2012.110198369091,25.65084226646248,0
1711623093128.jpg,0.0021321099532606996,1621.0930187205722,22.109917877447884,0
1711623116244.jpg,0.006761137477809963,2147.9744703366778,18.935618895754434,0
1711623136334.jpg,0.006197996839970976,2198.5474390559857,21.43950995405819,0
1711623161533.jpg,0.09338384569294671,1725.9606964115353,3.302194221160113,0
1711623181101.jpg,0.07154016299270935,3216.138856750094,5.815807740652496,0
1711623214519.jpg,0.08326563111512976,2373.454395368758,4.311183144246353,0
1711623239461.jpg,0.06753293344820745,1733.7843878372873,6.036581685011168,0
1711623278016.jpg,0.015688756207954437,1451.7875825788326,11.310828583954406,0
1711623317972.jpg,0.014894908739534765,805.3470954739159,11.515969410706253,0
1711623324636.jpg,0.007010655818547096,1464.9241664457627,16.76300578034682,0
1711623343904.jpg,0.014026374680956905,2061.091047777026,20.77495410184559,0
1711623358486.jpg,0.005943907427034465,1959.1741479858938,18.94544624514951,0
1711623359847.jpg,0.017130329543346885,776.0341470146133,4.439598099540463,0
1711623373714.jpg,0.004503241255083,1679.7572282026008,24.244238252020352,0
1711623387671.jpg,0.02361016831563296,2509.352436544822,13.48159244109005,0
1711623389129.jpg,0.02126554906116856,550.937118574515,2.957276788523249,0
1711623403501.jpg,0.00689190982689646,2430.492345328762,16.69941060903733,0
1711623404466.jpg,0.0834238916660111,810.3179995295678,1.4544408394201416,0
1711623419600.jpg,0.007469016917323317,756.1205581484055,9.998214604534905,0
1711623420003.jpg,0.016390242050617364,1624.1589275038325,9.263854425144748,0
1711623433194.jpg,0.023430902895990435,474.0439369083492,5.0909506921404875,0
1711623445532.jpg,0.05225984180574001,588.2900603907403,2.883094351176201,0
1711623447625.jpg,0.0295872093819786,2107.577344002323,10.649627263045794,0
1711623459996.jpg,0.013506068726881279,532.6161366428404,7.011653170057278,0
1711623466220.jpg,0.05025581519456049,1552.418182535845,6.5889784360705725,0
1711623473858.jpg,0.0023816508867849045,378.3774386729421,12.311135982092894,0
1711623483521.jpg,0.04811193105247142,1807.0962083779646,8.160153602891349,0
1711623487298.jpg,0.0834238916660111,810.3179995295678,1.4544408394201416,0
1711623499007.jpg,0.007469016917323317,756.1205581484055,9.998214604534905,0
1711623506585.jpg,0.11993745792525354,1615.8068101431538,2.1727076237141985,0
1711623511325.jpg,0.023430902895990435,474.0439369083492,5.0909506921404875,0
1711623523732.jpg,0.0715391989575072,732.8871612034286,1.6610055615691837,0
1711623525416.jpg,0.04010335120752176,1426.7465608200357,9.102555458161959,0
1711623540207.jpg,0.012436964927092044,535.0525761087289,1.9300879262277504,0
1711623545188.jpg,0.04811193105247142,1807.0962083779646,8.160153602891349,0
1711623555020.jpg,0.14102081966426092,375.4423719172198,1.210424783447441,0
1711623567564.jpg,0.028009199283075617,687.4880097922658,4.052829828827541,0
1711623568988.jpg,0.05783210961174019,1189.9263420351417,4.558245540593967,0
1711623583254.jpg,0.012436964927092044,535.0525761087289,1.9300879262277504,0
1711623584797.jpg,0.09389148056735942,4277.268460300043,4.958392618462467,0
1711623603044.jpg,0.028009199283075617,687.4880097922658,4.052829828827541,0
1711623603814.jpg,0.053313874809480105,1975.5761240144361,8.529776674937965,0
1711623615894.jpg,0.027251621659168387,760.3814684025663,4.852465444564258,0
1711623622728.jpg,0.015428162193499982,2258.63629222252,14.852798161082132,0
1711623628738.jpg,0.019342310516920667,777.0008214408639,4.503256200637384,0
1711623642295.jpg,0.019951827285449853,1668.5733025635586,11.178515438620407,0
1711623668356.jpg,0.10132353343735458,4714.49539312993,8.185870593002837,0
1711623673311.jpg,0.014420386610216118,545.1486972782517,5.0246580441053315,0
1711623710351.jpg,0.01315422782082515,672.3462649078873,5.473342793431988,0
1711623724157.jpg,0.025922130452191734,1730.3621383569418,4.9740824126917635,0
1711623733527.jpg,0.01860167717408607,865.2481911241088,4.458186524771698,0
1711623750140.jpg,0.022422223386623058,1395.9142453154402,10.392325667199607,0
1711623763985.jpg,0.02846891479153171,1685.8299429568935,11.018889524899828,0
1711623779009.jpg,0.054182873153073186,2127.3683281668013,7.185929648241206,0
1711623779766.jpg,0.009420304358558666,1381.4243192728609,13.737430958787707,0
1711623784767.jpg,0.007046685457827887,527.5924242826011,4.729474082482028,0
1711623786568.jpg,0.015240447419426179,1125.3894460521608,10.093727469358328,0
1711623792202.jpg,0.03749486821578126,2175.3174130041134,5.802919708029197,0
1711623806461.jpg,0.03059389984731273,2385.151664962176,10.147133434804667,0
1711623809807.jpg,0.028138216684709158,1313.8656379336596,9.46236559139785,0
1711623813676.jpg,0.06565211129475829,1554.0589106999912,6.225843518228351,0
1711623822467.jpg,0.15615842707250213,1916.904783635753,2.1493301985279283,0
1711623826974.jpg,0.03776311469674871,1879.907558059969,7.874015748031496,0
1711623829781.jpg,0.027417606679780018,1603.757956168877,7.774636510500808,0
1711623837120.jpg,0.1387321757486703,2220.2768629017264,1.8298989577532023,0
1711623855669.jpg,0.07445212858384014,3112.3644989408485,8.401792382374905,0
1711623866545.jpg,0.025111336359813236,1332.5132707142175,6.9239439643604745,0
1711623872490.jpg,0.051282444343796814,1787.5320112030392,6.141304347826087,0
1711623886476.jpg,0.04687214545008277,1471.8131127786892,6.128945880812829,0
1711623889233.jpg,0.10973902162902938,1417.3693752074282,1.54248624102273,0
1711623897692.jpg,0.021214960662642446,947.7132621912648,7.202881152460984,0
1711623917847.jpg,0.12698465871895906,1708.0904004216443,2.0994317245017973,0
1711623921038.jpg,0.02449790180328505,1965.8721583223842,11.143794546894444,0
1711623936143.jpg,0.060976848297238775,1209.2400019624363,2.2206924118940288,0
1711623945748.jpg,0.018443675368305146,1920.1953314997636,13.810513810513811,0
1711623962909.jpg,0.00968397447470479,1894.2549347389545,15.557112824106516,0
1711623977282.jpg,0.015272352355774135,1416.6327140132914,9.29518996480462,0
1711623985903.jpg,0.03188883463541667,2358.4781453420997,6.67744130656686,0
1711624015233.jpg,0.027343489939633727,1725.732772813319,2.0371658551127894,0
1711624018132.jpg,0.18595272662984372,1636.2473967339076,1.274848746758859,0
1711624039680.jpg,0.17263505992978467,1473.8467807979443,1.3671389510315686,0
1711624043368.jpg,0.029040049662853926,1366.365558305782,9.426327064984529,0
1711624066161.jpg,0.05218372769559921,1452.368634354873,5.452562704471101,0
1711624102665.jpg,0.1803978598629609,1754.4738863013674,2.4896514487971686,0
1711624112547.jpg,0.012970810861369128,1110.876673546764,3.605132011451596,0
1711624140676.jpg,0.01714559064295965,1085.7060299997747,6.365422396856581,0
1711624177154.jpg,0.06636677810750911,1241.0856264848228,2.3650697392359006,0
1711624209164.jpg,0.09928596766564905,1065.219262086724,1.8675905375412765,0
1711624250754.jpg,0.05742596750053453,1273.8678510204336,4.165309256759901,0
1711624266259.jpg,0.0024560667387362347,766.8527888743,17.94453507340946,0
1711624285436.jpg,0.007708564463437721,591.9028419506562,10.735930735930737,0
1711624306726.jpg,1.3349780262616877e-05,344.6359882443917,90.9090909090909,0
1711624320920.jpg,0.04511451352672206,716.3127833332028,3.353613295741208,0
1711624336674.jpg,0.05228877631749225,728.7635564148858,2.5769250395468695,0
1711624355288.jpg,0.14329485772647696,519.7250559249815,0.9956081584040495,0
1711624372191.jpg,0.09992768100210785,729.3430061882665,2.3362603721904454,0
1711624388980.jpg,0.04485501147717436,526.6720564839635,2.6166334631738577,0
1711624403526.jpg,0.022653462491840828,533.2183936111138,2.5335847277869434,0
1711624420891.jpg,0.011798437024256571,648.3715523937135,3.8478949751018563,0
1711624436503.jpg,0.012481281411558253,851.8374045008622,3.418438201046897,0
1711624452701.jpg,0.022558581871599072,718.2879085652136,5.21388790141012,0
1711624468062.jpg,0.048282218354841,923.7445207311534,5.31929630142679,0
1711624481285.jpg,0.0007641044856011134,474.6906004251463,129.3706293706294,0
1711624531014.jpg,0.00026815553020752037,502.6232092499071,34.65346534653466,0
1711624557433.jpg,0.023361333333333335,756.1327060242068,2.225773313548682,0
1711624571984.jpg,0.04127800778941104,893.9255276738709,5.753442368608184,0
1711624589839.jpg,0.022401297450712076,816.2321785405165,3.8697386438054413,0
1711624603901.jpg,0.03363325337845073,1097.9333137787926,3.104106972301815,0
1711624627795.jpg,0.03363325337845073,1097.9333137787926,3.104106972301815,0
1711624642105.jpg,0.014167207868290494,556.3701495758091,1.9846895378508649,0
1711624663733.jpg,0.024098428282110878,999.8427904154329,4.154664303124307,0
1711624678864.jpg,0.014715268894164902,716.6123924601153,4.536793394428818,0
1711624712023.jpg,0.012928574769633753,558.9827245102813,8.165374677002584,0
1711624731466.jpg,0.008813241122575055,745.1131466726533,9.860436893203884,0
1711624753343.jpg,0.009420304358558666,1381.4243192728609,13.737430958787707,0
1711624756013.jpg,0.020702442139551983,829.9548116789474,7.257646448937273,0
1711624771285.jpg,0.0070438033603783725,855.804084398104,9.46611132146914,0
1711624788332.jpg,0.04009201533588932,790.3495462396944,2.328288707799767,0
Corn_Health (1).jpg,0.0,421.58429391987323,0.0,0
Corn_Health (10).jpg,0.0,518.3249734329734,0.0,0
Corn_Health (100).jpg,0.0,376.0100228569202,0.0,0
Corn_Health (1000).jpg,0.0,243.79310824224984,0.0,0
Corn_Health (1001).jpg,0.0,308.7908131555723,0.0,0
Corn_Health (1002).jpg,0.046689330876278835,471.98011245858004,3.401360544217687,0
Corn_Health (1003).jpg,0.0,597.5014504230678,0.0,0
Corn_Health (1004).jpg,0.0,1564.9402697584542,0.0,0
Corn_Health (1005).jpg,2.0312404785602567e-05,1622.2941968960758,500.0,0
Corn_Health (1006).jpg,0.0,723.3181802823624,0.0,0
Corn_Health (1007).jpg,5.272222417489719e-05,1476.9057716093341,250.0,0
Corn_Health (1008).jpg,0.0,439.69944389164124,0.0,0
Corn_Health (1009).jpg,0.0004102527513689956,475.71114828177383,125.0,0
Corn_Health (101).jpg,0.0,1018.4747010335553,0.0,0
Corn_Health (1010).jpg,0.0,1162.630301659398,0.0,0
Corn_Health (1011).jpg,0.0021770907846857214,1201.1830151271597,14.184397163120567,0
Corn_Health (1012).JPG,0.0,909.1172535583705,0.0,0
Corn_Health (1013).jpg,3.1553206594620176e-05,392.1189516393196,333.3333333333333,0
Corn_Health (1014).jpg,0.0,618.7517131178524,0.0,0
Corn_Health (1015).jpg,0.0,741.0163152877486,0.0,0
Corn_Health (1016).jpg,7.62939453125e-05,477.16574712029177,166.66666666666666,0
Corn_Health (1017).jpg,0.0,982.2474878473979,0.0,0
Corn_Health (1018).jpg,0.0,650.3642153019604,0.0,0
Corn_Health (1019).jpg,3.1776294884016526e-05,778.7683651843226,333.3333333333333,0
Corn_Health (102).jpg,0.0,292.66103024174777,0.0,0
Corn_Health (1020).jpg,0.0,685.8077037690839,0.0,0
Corn_Health (1021).jpg,0.0,916.871383529408,0.0,0
Corn_Health (1022).jpg,0.0003722546221615585,1246.7651510867443,40.0,0
Corn_Health (1023).jpg,0.0,350.63597031061954,0.0,0
Corn_Health (1024).jpg,0.0,401.6753910186145,0.0,0
Corn_Health (1025).jpg,0.000137520055008022,548.4481839677563,200.0,0
Corn_Health (1026).jpg,0.0,905.7181693645653,0.0,0
Corn_Health (1027).jpg,0.0,290.32305781483103,0.0,0
Corn_Health (1028).JPG,0.0,355.85361680482436,0.0,0
Corn_Health (1029).jpg,0.0,557.1085659773197,0.0,0
Corn_Health (103).jpg,0.004153651329674968,1460.4130375523548,8.097165991902834,0
Corn_Health (1030).jpg,0.0,442.3637732688951,0.0,0
Corn_Health (1031).jpg,0.0,561.0891828533365,0.0,0
Corn_Health (1032).jpg,0.0,1167.5109161395903,0.0,0
Corn_Health (1033).jpg,0.0,1439.1075834141636,0.0,0
Corn_Health (1034).jpg,0.000460045084418273,852.4592162464357,64.51612903225806,0
Corn_Health (1035).jpg,0.00043233895373973193,675.0398652470011,172.41379310344828,0
Corn_Health (1036).jpg,0.0,2923.716921990446,0.0,0
Corn_Health (1037).jpg,0.0,1096.0815702383084,0.0,0
Corn_Health (1038).jpg,0.0,1331.7092384424477,0.0,0
Corn_Health (1039).jpg,0.0004727319609781254,996.9389859857334,43.47826086956522,0
Corn_Health (104).jpg,0.0,874.951625141949,0.0,0
Corn_Health (1040).jpg,0.0,466.98040861965274,0.0,0
Corn_Health (1041).jpg,0.0019386057303353635,527.9456996951028,15.625,0
Corn_Health (1042).jpg,0.0,524.2417613418714,0.0,0
Corn_Health (1043).jpg,0.0,954.9017301831354,0.0,0
Corn_Health (1044).jpg,0.010332413102791366,1171.9286260386298,7.800312012480499,0
Corn_Health (1045).jpg,0.0,250.20645095156544,0.0,0
Corn_Health (1046).jpg,0.0,505.32917048476713,0.0,0
Corn_Health (1047).JPG,7.672359557458301e-05,678.8488896931318,166.66666666666666,0
Corn_Health (1048).jpg,0.0,278.6086854794888,0.0,0
Corn_Health (1049).jpg,0.00023210472565221427,444.24795342993514,125.0,0
Corn_Health (105).jpg,0.0014613746249397572,497.8977929556377,21.052631578947366,0
Corn_Health (1050).jpg,0.0,514.0071352273131,0.0,0
Corn_Health (1051).jpg,0.0,954.0840054837352,0.0,0
Corn_Health (1052).jpg,0.00020628699281169171,401.72688737915246,71.42857142857143,0
Corn_Health (1053).jpg,0.0,588.0943551456385,0.0,0
Corn_Health (1054).jpg,0.0013338979462206226,1543.5466992433894,31.25,0
Corn_Health (1055).jpg,0.0,372.31092017148717,0.0,0
Corn_Health (1056).jpg,0.0008233649215473047,901.78081970272,18.51851851851852,0
Corn_Health (1057).jpg,0.0,1231.0521367172198,0.0,0
Corn_Health (1058).jpg,0.0,482.1042412971509,0.0,0
Corn_Health (1059).jpg,0.0,1334.6677792040834,0.0,0
Corn_Health (106).jpg,0.0,516.2691710031046,0.0,0
Corn_Health (1060).jpg,3.787089810834864e-05,1357.7018447930873,333.3333333333333,0
Corn_Health (1061).jpg,0.0,467.63756931285286,0.0,0
Corn_Health (1062).jpg,0.0,524.0798789464385,0.0,0
Corn_Health (1063).jpg,0.0,443.82332428243956,0.0,0
Corn_Health (1064).jpg,0.0,281.66880025549597,0.0,0
Corn_Health (1065).jpg,0.0,899.8109357918419,0.0,0
Corn_Health (1066).jpg,0.0,1066.0209505938153,0.0,0
Corn_Health (1067).jpg,0.0,458.3988799828779,0.0,0
Corn_Health (1068).jpg,0.0,1132.2613027169914,0.0,0
Corn_Health (1069).jpg,0.0,331.3189513691315,0.0,0
Corn_Health (107).JPG,0.0,2342.6028766119152,0.0,0
Corn_Health (1070).jpg,0.0,1214.6240875038327,0.0,0
Corn_Health (1071).jpg,0.0,306.41443155380466,0.0,0
Corn_Health (1072).jpg,0.0001556178026766262,1110.6498833359751,272.7272727272727,0
Corn_Health (1073).jpg,0.0,1169.9193561026473,0.0,0
Corn_Health (1074).jpg,0.0,372.0583408124775,0.0,0
Corn_Health (1075).jpg,0.0,555.7508081135785,0.0,0
Corn_Health (1076).jpg,0.0,390.7023800572099,0.0,0
Corn_Health (1077).jpg,0.0,461.96044943115567,0.0,0
Corn_Health (1078).jpg,0.0,764.5944651934066,0.0,0
Corn_Health (1079).jpg,0.006989798259433169,744.4763668529274,4.366812227074235,0
Corn_Health (108).jpg,0.0002138253352475792,314.47416290729115,66.66666666666667,0
Corn_Health (1080).jpg,0.0,597.5513045875873,0.0,0
Corn_Health (1081).jpg,0.0,465.4268441067192,0.0,0
Corn_Health (1082).jpg,0.0,1429.039304274668,0.0,0
Corn_Health (1083).jpg,0.0,188.38176832615335,0.0,0
Corn_Health (1084).jpg,0.0,1228.4255745458904,0.0,0
Corn_Health (1085).jpg,0.0008214743047669671,565.4752005466725,57.14285714285714,0
Corn_Health (1086).jpg,0.0,659.6985131612382,0.0,0
Corn_Health (1087).jpg,0.004227617369993107,1852.1166968028456,28.88086642599278,0
Corn_Health (1088).jpg,0.0,401.9132790046882,0.0,0
Corn_Health (1089).jpg,0.0025437099526676756,1755.3787642293087,12.578616352201259,0
Corn_Health (109).jpg,0.00010612331529236973,836.0981483427759,428.57142857142856,0
Corn_Health (1090).jpg,0.0,743.3458807691568,0.0,0
Corn_Health (1091).jpg,0.005613778670962813,997.9260331580491,2.949852507374631,0
Corn_Health (1092).jpg,0.0,2106.97186787989,0.0,0
Corn_Health (1093).jpg,0.0,591.2341141384568,0.0,0
Corn_Health (1094).jpg,0.00010318142734307824,506.6567162945404,285.7142857142857,0
Corn_Health (1095).jpg,0.00015476761642393944,346.51960092476054,90.9090909090909,0
Corn_Health (1096).jpg,0.00023055286577212155,540.7226328506877,62.5,0
Corn_Health (1097).jpg,5.056378621631188e-05,526.8629789103984,500.0,0
Corn_Health (1098).jpg,0.0007636502481863307,653.5891933754153,39.21568627450981,0
Corn_Health (1099).jpg,0.0,808.9011686513974,0.0,0
Corn_Health (11).jpg,0.0,697.1083099119455,0.0,0
Corn_Health (110).jpg,0.0,651.6543682082406,0.0,0
Corn_Health (1100).jpg,0.000378885731507793,1578.3410052049983,347.82608695652175,0
Corn_Health (1101).jpg,1.5916470363532182e-05,994.9128968835323,500.0,0
Corn_Health (1102).jpg,0.0006145409851564716,1119.4876860481668,125.0,0
Corn_Health (1103).jpg,0.0,442.7181525521652,0.0,0
Corn_Health (1104).jpg,0.00016925342315048323,543.5678514278642,90.9090909090909,0
Corn_Health (1105).jpg,0.0005603348824944791,642.5420871785791,57.14285714285714,0
Corn_Health (1106).jpg,0.0,493.531637921472,0.0,0
Corn_Health (1107).jpg,0.0008238928939237899,1631.5582388895655,37.73584905660377,0
Corn_Health (1108).jpg,0.00033068783068783067,1460.5404157392431,47.61904761904761,0
Corn_Health (1109).jpg,0.0,730.9654857841758,0.0,0
Corn_Health (111).jpg,0.0,621.9195961880614,0.0,0
Corn_Health (1110).jpg,0.0009762331599779903,1254.4875403678757,35.714285714285715,0
Corn_Health (1111).jpg,0.0,464.06116176083043,0.0,0
Corn_Health (1112).jpg,0.0,735.759204016764,0.0,0
Corn_Health (1113).jpg,0.0,1395.963610441922,0.0,0
Corn_Health (1114).jpg,0.00036080695259310387,2100.2783134581796,41.666666666666664,0
Corn_Health (1115).jpg,0.0,437.9883327041307,0.0,0
Corn_Health (1116).jpg,0.0005196551934951397,872.0506291197241,28.57142857142857,0
Corn_Health (1117).jpg,0.0,633.9080066778192,0.0,0
Corn_Health (1118).jpg,0.0,628.9875020130635,0.0,0
Corn_Health (1119).jpg,0.0,521.1321171223176,0.0,0
Corn_Health (112).jpg,0.0,298.020512848408,0.0,0
Corn_Health (1120).jpg,0.0,621.6958555549114,0.0,0
Corn_Health (1121).jpg,0.0018850900654142364,1231.3649862587708,16.949152542372882,0
Corn_Health (1122).jpg,0.000278503046127067,1167.9088918641644,235.2941176470588,0
Corn_Health (1123).jpg,0.0,647.233815945831,0.0,0
Corn_Health (1124).jpg,0.0,460.88962724728964,0.0,0
Corn_Health (1125).jpg,0.0,1084.020155476655,0.0,0
Corn_Health (1126).jpg,0.0,1309.0853294169383,0.0,0
Corn_Health (1127).jpg,0.0032209823996318877,1709.3905059910076,35.53299492385787,0
Corn_Health (1128).jpg,0.002532958984375,806.4167215065081,5.9880239520958085,0
Corn_Health (1129).jpg,0.0,940.7818386436038,0.0,0
Corn_Health (113).jpg,0.0,476.1519473234832,0.0,0
Corn_Health (1130).jpg,1.956219800856824e-05,1063.5227471534567,500.0,0
Corn_Health (1131).jpg,0.0,1970.6744066056085,0.0,0
Corn_Health (1132).jpg,0.0,886.8171965514408,0.0,0
Corn_Health (1133).jpg,0.0,1512.0045495505838,0.0,0
Corn_Health (1134).jpg,0.00011814944216584805,808.2221322321878,375.0,0
Corn_Health (1135).jpg,0.0,259.53757838774527,0.0,0
Corn_Health (1136).jpg,0.004846123101518785,1323.9259683611726,10.273972602739725,0
Corn_Health (1137).jpg,0.0,1528.6909393836672,0.0,0
Corn_Health (1138).jpg,0.0,418.60756151930946,0.0,0
Corn_Health (1139).jpg,0.0,734.6861537267982,0.0,0
Corn_Health (114).jpg,0.0004981242508678258,958.1775982438544,272.7272727272727,0
Corn_Health (1140).jpg,0.0007222257112353199,890.1239963838871,63.82978723404255,0
Corn_Health (1141).jpg,0.0,1141.4250577110047,0.0,0
Corn_Health (1142).jpg,0.0,1879.654612993327,0.0,0
Corn_Health (1143).jpg,0.0016363296347088891,1948.0271767124448,9.433962264150942,0
Corn_Health (1144).jpg,0.000578975936312647,592.2292219115291,30.303030303030305,0
Corn_Health (1145).jpg,0.0,459.87395674906736,0.0,0
Corn_Health (1146).jpg,0.0014948633949301868,1368.6434683188181,10.526315789473683,0
Corn_Health (1147).jpg,0.0012646421853016961,710.8675471763867,12.345679012345679,0
Corn_Health (1148).jpg,0.0033423713783871352,2682.2889376231096,71.06598984771574,0
Corn_Health (1149).jpg,0.0,478.76012542344074,0.0,0
Corn_Health (115).jpg,0.0,1273.104728685346,0.0,0
Corn_Health (1150).jpg,0.0,181.8465046695532,0.0,0
Corn_Health (1151).jpg,0.00017716884190633673,1496.0104204701213,300.0,0
Corn_Health (1152).jpg,1.760315448528376e-05,1203.70785103159,500.0,0
Corn_Health (1153).jpg,0.00022288134140278088,554.8933369990077,214.28571428571428,0
Corn_Health (1154).jpg,0.0,555.6677365906455,0.0,0
Corn_Health (1155).jpg,0.0,484.5827275083939,0.0,0
Corn_Health (1156).jpg,0.0,430.09184882339105,0.0,0
Corn_Health (1157).jpg,0.0001075400970933448,760.9883414291487,125.0,0
Corn_Health (1158).jpg,0.0,647.3967730116415,0.0,0
Corn_Health (1159).jpg,0.0028186382453976922,830.4554084302533,12.422360248447204,0
Corn_Health (116).jpg,0.0,550.1803975886173,0.0,0
Corn_Health (1160).jpg,0.0,574.7676622001528,0.0,0
Corn_Health (1161).jpg,0.0,1104.502944050165,0.0,0
Corn_Health (1162).jpg,0.00031001023033760115,966.2137890475094,47.61904761904761,0
Corn_Health (117).jpg,0.002195961957723783,1495.2455847479605,35.714285714285715,0
Corn_Health (118).jpg,0.0,1016.9830627796467,0.0,0
Corn_Health (119).jpg,0.00016297262059973924,1369.9040335080772,90.9090909090909,0
Corn_Health (12).jpg,0.012395576149085128,1026.6953806159702,13.623978201634877,0
Corn_Health (120).jpg,0.0,527.5989938178379,0.0,0
Corn_Health (121).jpg,0.0,613.9885027240687,0.0,0
Corn_Health (122).jpg,0.000508323802262041,650.1835475733037,40.0,0
Corn_Health (123).jpg,0.0,1793.5833495165496,0.0,0
Corn_Health (124).jpg,0.0,1348.3853584172625,0.0,0
Corn_Health (125).jpg,4.672969983956136e-05,815.4020258589562,250.0,0
Corn_Health (126).jpg,0.0003181572333046992,1164.9755080351738,47.61904761904761,0
Corn_Health (127).jpg,0.0,1305.2862050676422,0.0,0
Corn_Health (128).jpg,0.0007374971191518783,746.9439312652651,20.408163265306122,0
Corn_Health (129).jpg,0.0,842.4482236858511,0.0,0
Corn_Health (13).jpg,0.0,469.7722472537067,0.0,0
Corn_Health (130).jpg,0.00026954177897574127,878.9066720351225,62.5,0
Corn_Health (131).jpg,0.0016557377049180328,499.3419667452011,127.45098039215685,0
Corn_Health (132).jpg,0.0,400.9530657017902,0.0,0
Corn_Health (133).jpg,0.002694200460973027,346.72787517474296,11.494252873563218,0
Corn_Health (134).jpg,0.0,837.924183313946,0.0,0
Corn_Health (135).jpg,0.0,1746.8270103092043,0.0,0
Corn_Health (136).jpg,0.0002996333897349126,1077.5247719160157,111.1111111111111,0
Corn_Health (137).jpg,0.0,1077.8583061379513,0.0,0
Corn_Health (138).jpg,0.0006186744503315461,545.0323415433563,50.0,0
Corn_Health (139).jpg,0.0,1420.8561264315986,0.0,0
Corn_Health (14).jpg,0.00016204078798120328,1654.6276624612995,125.0,0
Corn_Health (140).jpg,0.0,1536.2316884041293,0.0,0
Corn_Health (141).jpg,0.0,181.77013520652946,0.0,0
Corn_Health (142).jpg,0.00012591739818678947,531.7729931722067,125.0,0
Corn_Health (143).jpg,0.0,2177.923395550937,0.0,0
Corn_Health (144).jpg,0.0006304124224426822,865.0775544806794,205.1282051282051,0
Corn_Health (145).jpg,0.0,1343.59921749174,0.0,0
Corn_Health (146).jpg,3.0848011845636546e-05,610.6526416101697,333.3333333333333,0
Corn_Health (147).jpg,0.0,588.5359790964294,0.0,0
Corn_Health (148).jpg,0.0,1182.946132903011,0.0,0
Corn_Health (149).jpg,0.00014056048493367302,1301.0805817910393,222.2222222222222,0
Corn_Health (15).jpg,0.0,257.5875456255692,0.0,0
Corn_Health (150).jpg,0.0,836.9612982898936,0.0,0
Corn_Health (151).jpg,0.02993005476332484,500.75181181598316,5.424954792043399,0
Corn_Health (152).jpg,0.0,548.6361256397516,0.0,0
Corn_Health (153).jpg,0.0,447.42368754058447,0.0,0
Corn_Health (154).jpg,0.0006357148716266098,1616.6838338647149,93.75,0
Corn_Health (155).jpg,0.0,582.8516100488264,0.0,0
Corn_Health (156).jpg,0.0,1309.8852169665279,0.0,0
Corn_Health (157).jpg,0.0024864786380630875,912.7802353097305,7.246376811594203,0
Corn_Health (158).jpg,1.55269859014968e-05,929.5736260478101,500.0,0
Corn_Health (159).jpg,0.0,403.78934677265124,0.0,0
Corn_Health (16).jpg,0.0,367.6899200372502,0.0,0
Corn_Health (160).jpg,0.0,537.7008277960581,0.0,0
Corn_Health (161).jpg,0.0,340.24294065488255,0.0,0
Corn_Health (162).jpg,0.00031246402552337723,1129.0813227088418,50.0,0
Corn_Health (163).jpg,0.0,854.083083060755,0.0,0
Corn_Health (164).jpg,0.00013984058173682003,526.9507909872644,100.0,0
Corn_Health (165).jpg,0.0,1112.4838058233129,0.0,0
Corn_Health (166).jpg,0.0,579.3549547274966,0.0,0
Corn_Health (167).jpg,3.2057446944925306e-05,1050.4457622574637,666.6666666666666,0
Corn_Health (168).jpg,0.0,461.2855246611135,0.0,0
Corn_Health (169).jpg,7.818486028365468e-05,319.6756735411519,166.66666666666666,0
Corn_Health (17).jpg,0.0,530.5898223419474,0.0,0
Corn_Health (170).jpg,0.0,1119.4253691508816,0.0,0
Corn_Health (171).jpg,0.00687187338662299,1651.1591588514398,20.671834625322997,0
Corn_Health (172).jpg,0.00011381743683132256,1244.640439736034,285.7142857142857,0
Corn_Health (173).jpg,0.0005717453827228941,1857.1139689989263,29.41176470588235,0
Corn_Health (174).jpg,0.0020792461056055806,1087.9684441928664,8.0,0
Corn_Health (175).jpg,0.0008211079483249398,428.39678230238303,108.69565217391305,0
Corn_Health (176).JPG,0.0,1212.0223669176462,0.0,0
Corn_Health (177).jpg,0.0,877.8925009137733,0.0,0
Corn_Health (178).jpg,0.0,425.02967238118896,0.0,0
Corn_Health (179).jpg,0.004996764684736502,2287.6105401757663,25.089605734767026,0
Corn_Health (18).jpg,0.0,527.8798679479065,0.0,0
Corn_Health (180).jpg,0.0,710.5576877164159,0.0,0
Corn_Health (181).jpg,0.0001116860876363501,1858.1945364507367,285.7142857142857,0
Corn_Health (182).jpg,0.0,400.14487579066633,0.0,0
Corn_Health (183).jpg,0.0,873.4757128477579,0.0,0
Corn_Health (184).jpg,0.00020109741733459737,1209.674753046889,125.0,0
Corn_Health (185).jpg,0.0,914.6101135466046,0.0,0
Corn_Health (186).jpg,0.0,1301.2117068458272,0.0,0
Corn_Health (187).jpg,0.0,340.23459108774375,0.0,0
Corn_Health (188).jpg,0.0012198213040998669,1153.9593864932772,25.64102564102564,0
Corn_Health (189).jpg,0.0,1333.8372724394922,0.0,0
Corn_Health (19).jpg,0.0,547.4299027265872,0.0,0
Corn_Health (190).jpg,0.0,1247.1972773746259,0.0,0
Corn_Health (191).jpg,1.7808804673030346e-05,1765.4584621856138,500.0,0
Corn_Health (192).jpg,3.119394837401544e-05,2099.8466292189387,333.3333333333333,0
Corn_Health (193).jpg,0.0015395273650989146,374.5162360180626,19.801980198019802,0
Corn_Health (194).jpg,3.381005511038983e-05,402.5965092031034,333.3333333333333,0
Corn_Health (195).jpg,0.0003406123453052265,513.6424928474593,105.26315789473684,0
Corn_Health (196).jpg,0.008621853276641696,1099.8490245702212,5.859375,0
Corn_Health (197).jpg,0.0,419.54042150198575,0.0,0
Corn_Health (198).jpg,0.00018887269980033457,1695.878686884082,125.0,0
Corn_Health (199).JPG,0.0,1498.5769092684468,0.0,0
Corn_Health (2).jpg,0.0,452.8365207469375,0.0,0
Corn_Health (20).jpg,0.0007867441636427861,567.2447811178622,20.0,0
Corn_Health (200).jpg,0.00018390035944161165,1374.5041687405408,166.66666666666666,0
Corn_Health (201).jpg,0.003310493494495342,679.2304287297527,4.62962962962963,0
Corn_Health (202).jpg,0.0,882.8860052160253,0.0,0
Corn_Health (203).jpg,0.0,757.0787671072364,0.0,0
Corn_Health (204).jpg,0.0,828.7909008238423,0.0,0
Corn_Health (205).jpg,0.00025323721574122536,1012.1155422995363,62.5,0
Corn_Health (206).jpg,0.0,546.7839669464311,0.0,0
Corn_Health (207).jpg,0.0,442.7756654604757,0.0,0
Corn_Health (208).jpg,0.0,1012.5394178775184,0.0,0
Corn_Health (209).jpg,0.0,835.8540629951914,0.0,0
Corn_Health (21).jpg,0.0,427.42104833479266,0.0,0
Corn_Health (210).jpg,0.013137822608262507,1024.968519206513,11.834319526627219,0
Corn_Health (211).jpg,0.0,2816.0876862972277,0.0,0
Corn_Health (212).jpg,0.00014315481397827228,1807.316513956728,100.0,0
Corn_Health (213).jpg,5.623664379709819e-05,846.1556944728057,250.0,0
Corn_Health (214).jpg,0.0,678.7386102028299,0.0,0
Corn_Health (215).jpg,0.0,532.3948828668185,0.0,0
Corn_Health (216).jpg,0.0,1268.4120964969752,0.0,0
Corn_Health (217).jpg,0.00045508042369556687,764.1659647501106,66.66666666666667,0
Corn_Health (218).jpg,0.0,968.7193445478392,0.0,0
Corn_Health (219).jpg,0.0,979.4234775284917,0.0,0
Corn_Health (22).jpg,0.00018253020045134742,1304.8814777612315,83.33333333333333,0
Corn_Health (220).jpg,0.0,504.6397224326272,0.0,0
Corn_Health (221).jpg,0.0,491.63352415760136,0.0,0
Corn_Health (222).jpg,0.0011591204950336144,1002.3831151180786,121.21212121212122,0
Corn_Health (223).jpg,0.0,299.68269544529414,0.0,0
Corn_Health (224).jpg,0.0,1384.6060724818888,0.0,0
Corn_Health (225).jpg,0.0005263260492407259,3706.9419628091837,71.42857142857143,0
Corn_Health (226).jpg,0.0,186.0238116679188,0.0,0
Corn_Health (227).jpg,0.0009481808158765159,988.5193219120428,22.727272727272727,0
Corn_Health (228).jpg,0.0,540.8261061653913,0.0,0
Corn_Health (229).jpg,0.001287533912723594,363.9337851210698,11.76470588235294,0
Corn_Health (23).jpg,0.0007998533602172935,709.6456087055806,20.408163265306122,0
Corn_Health (230).jpg,0.0,1372.1631233925082,0.0,0
Corn_Health (231).jpg,0.0008970868285619856,1526.5879996757349,155.17241379310346,0
Corn_Health (232).jpg,6.335027953310843e-05,576.3715486239252,200.0,0
Corn_Health (233).jpg,0.009459792038392912,321.394519858311,3.246753246753247,0
Corn_Health (234).jpg,0.0,1727.854805970831,0.0,0
Corn_Health (235).jpg,0.003278688524590164,1414.0795524587586,9.803921568627452,0
Corn_Health (236).jpg,0.032699167657550536,1396.638310807219,2.455795677799607,0
Corn_Health (237).jpg,0.002264808362369338,1020.259363905885,8.474576271186441,0
Corn_Health (238).jpg,0.007690042213423214,1086.495236082412,2.1231422505307855,0
Corn_Health (239).jpg,0.0,484.54207526397613,0.0,0
Corn_Health (24).jpg,0.003411239546987388,1317.4424733592741,28.409090909090907,0
Corn_Health (240).jpg,0.0,931.3758076305912,0.0,0
Corn_Health (241).jpg,0.0,624.0479273114001,0.0,0
Corn_Health (242).jpg,0.00031710294747189677,474.1866043899802,142.85714285714286,0
Corn_Health (243).jpg,0.0009420631182289214,1038.969755225784,35.08771929824561,0
Corn_Health (244).jpg,0.0,646.3603696596358,0.0,0
Corn_Health (245).jpg,0.0,527.6569498692529,0.0,0
Corn_Health (246).jpg,1.574282520741172e-05,830.5765718130192,500.0,0
Corn_Health (247).jpg,0.0,851.4240871217509,0.0,0
Corn_Health (248).jpg,0.0,1067.0838038510171,0.0,0
Corn_Health (249).jpg,0.0,725.7501027936022,0.0,0
Corn_Health (25).jpg,0.0,737.7855344701857,0.0,0
Corn_Health (250).jpg,0.0,357.1282099498124,0.0,0
Corn_Health (251).jpg,0.0,362.4277423980173,0.0,0
Corn_Health (252).jpg,0.00016204566446824715,1419.4240601814172,90.9090909090909,0
Corn_Health (253).jpg,0.0,851.5373504572324,0.0,0
Corn_Health (254).jpg,0.013022528975126969,641.0311643523632,2.4968789013732833,0
Corn_Health (255).jpg,0.0,375.33146721542533,0.0,0
Corn_Health (256).jpg,0.0006716121744970541,677.9998084219587,44.44444444444444,0
Corn_Health (257).jpg,0.0,2026.2521592904452,0.0,0
Corn_Health (258).jpg,0.0,469.8853632956389,0.0,0
Corn_Health (259).jpg,0.0,420.82817499196943,0.0,0
Corn_Health (26).jpg,0.02227061964310805,2305.815694548462,9.456264775413711,0
Corn_Health (260).jpg,0.0014243614931237721,886.7724186207346,34.090909090909086,0
Corn_Health (261).jpg,0.0,1103.0799796604306,0.0,0
Corn_Health (262).jpg,0.0,1019.4015799532744,0.0,0
Corn_Health (263).jpg,0.0,473.0429430555238,0.0,0
Corn_Health (264).jpg,0.0,442.7724269491833,0.0,0
Corn_Health (265).jpg,0.0,451.98046781650726,0.0,0
Corn_Health (266).jpg,0.0,1001.9020409094348,0.0,0
Corn_Health (267).jpg,0.002568523275043102,932.0933107015819,6.802721088435374,0
Corn_Health (268).jpg,0.0,518.5277743890749,0.0,0
Corn_Health (269).jpg,0.033981114300111734,634.1962429941293,1.9329896907216495,0
Corn_Health (27).jpg,0.0003599374021909233,912.118230280462,41.666666666666664,0
Corn_Health (270).jpg,0.0,413.88889971468154,0.0,0
Corn_Health (271).jpg,0.0,1100.9138081782494,0.0,0
Corn_Health (272).jpg,0.0,336.5813065879598,0.0,0
Corn_Health (273).jpg,0.0,1281.9061714763588,0.0,0
Corn_Health (274).jpg,0.0005674474323003688,1441.3987597740102,81.08108108108108,0
Corn_Health (275).jpg,0.0,616.3612491454262,0.0,0
Corn_Health (276).JPG,0.0,2713.3696951339725,0.0,0
Corn_Health (277).jpg,0.0,331.27402674084726,0.0,0
Corn_Health (278).jpg,0.00012870841109466504,801.5178127232588,222.2222222222222,0
Corn_Health (279).jpg,0.0,643.8278029490214,0.0,0
Corn_Health (28).jpg,0.0,620.0274604912714,0.0,0
Corn_Health (280).jpg,0.0,240.16573433118683,0.0,0
Corn_Health (281).jpg,0.0,1156.9739226488862,0.0,0
Corn_Health (282).jpg,8.154212466160019e-05,1149.298248012109,500.0,0
Corn_Health (283).JPG,0.0,1770.002222232879,0.0,0
Corn_Health (284).jpg,0.0004883350923898489,2175.679796414177,31.25,0
Corn_Health (285).jpg,0.0,819.6741150906224,0.0,0
Corn_Health (286).jpg,0.0,918.6869580914442,0.0,0
Corn_Health (287).jpg,0.0,424.759550541942,0.0,0
Corn_Health (288).jpg,0.0014425851125216388,1011.5050778265525,11.627906976744185,0
Corn_Health (289).jpg,0.000573018991486575,854.1453414075677,55.55555555555555,0
Corn_Health (29).jpg,0.0,1048.2147590203674,0.0,0
Corn_Health (290).jpg,0.0003536181566849905,679.400148594993,86.95652173913044,0
Corn_Health (291).jpg,0.0,879.2765044188851,0.0,0
Corn_Health (292).jpg,0.0,1123.985590637472,0.0,0
Corn_Health (293).jpg,0.00044753511429358305,434.2334076903105,37.03703703703704,0
Corn_Health (294).jpg,0.0017152367366347395,386.83078594550756,9.803921568627452,0
Corn_Health (295).jpg,0.0,752.715340980337,0.0,0
Corn_Health (296).jpg,0.00032558941259839505,1203.7970507013129,222.2222222222222,0
Corn_Health (297).jpg,0.0007005425131555367,858.1134035897225,204.54545454545456,0
Corn_Health (298).jpg,0.0,356.3117195981228,0.0,0
Corn_Health (299).jpg,0.0,934.9866475597091,0.0,0
Corn_Health (3).jpg,0.0,529.5206266411226,0.0,0
Corn_Health (30).jpg,0.0,537.6018346121496,0.0,0
Corn_Health (300).jpg,0.0,1264.7577018446646,0.0,0
Corn_Health (301).jpg,0.0,1730.015614388867,0.0,0
Corn_Health (302).jpg,0.0,464.53426795108794,0.0,0
Corn_Health (303).jpg,0.0003884500841641849,515.3994898233593,40.0,0
Corn_Health (304).jpg,0.0,792.826942637819,0.0,0
Corn_Health (305).jpg,0.0,802.6836767014486,0.0,0
Corn_Health (306).jpg,0.0,1355.170652334421,0.0,0
Corn_Health (307).jpg,0.0,854.6720444368005,0.0,0
Corn_Health (308).jpg,0.0005215203853115317,686.6635210128245,28.57142857142857,0
Corn_Health (309).jpg,0.0,322.9699819713921,0.0,0
Corn_Health (31).jpg,0.0,921.2438832158774,0.0,0
Corn_Health (310).JPG,0.0,1319.21026737403,0.0,0
Corn_Health (311).jpg,0.0,357.64392262832985,0.0,0
Corn_Health (312).JPG,0.0010423844101694316,788.870493289822,50.0,0
Corn_Health (313).jpg,5.458415967686178e-05,1056.8878824911217,250.0,0
Corn_Health (314).jpg,0.0,402.7468700210594,0.0,0
Corn_Health (315).jpg,0.00013970382788488405,904.2923541296677,333.3333333333333,0
Corn_Health (316).jpg,0.0,449.65427066924036,0.0,0
Corn_Health (317).jpg,0.0,373.2182397713311,0.0,0
Corn_Health (318).jpg,0.0003065554461995192,1224.8052563120732,200.0,0
Corn_Health (319).jpg,9.531374106433678e-05,694.2878165570027,142.85714285714286,0
Corn_Health (32).jpg,0.002343355133173025,1026.1957383638887,45.45454545454545,0
Corn_Health (320).jpg,0.0,813.7802018037587,0.0,0
Corn_Health (321).jpg,0.0,333.69277510248867,0.0,0
Corn_Health (322).jpg,7.646896889242346e-05,525.9765515811541,166.66666666666666,0
Corn_Health (323).jpg,0.0,654.7352916126205,0.0,0
Corn_Health (324).jpg,0.012534584753664837,1028.641523077225,1.2180267965895248,0
Corn_Health (325).jpg,0.0,791.5952416805743,0.0,0
Corn_Health (326).jpg,0.0,756.5245874877971,0.0,0
Corn_Health (327).jpg,0.0,334.41217246187375,0.0,0
Corn_Health (328).jpg,0.0009998222538215428,1417.3711793707055,43.47826086956522,0
Corn_Health (329).jpg,0.0,1344.69288921723,0.0,0
Corn_Health (33).jpg,0.00016363041343951128,350.6026004609571,200.0,0
Corn_Health (330).jpg,0.0,606.4613014958502,0.0,0
Corn_Health (331).jpg,0.0006068574896328512,1078.1306845573047,54.054054054054056,0
Corn_Health (332).jpg,0.00969532172866472,1877.0036435367892,6.8807339449541285,0
Corn_Health (333).jpg,0.0,351.184862401224,0.0,0
Corn_Health (334).jpg,0.0,470.112914508279,0.0,0
Corn_Health (335).jpg,0.0,964.4299278644987,0.0,0
Corn_Health (336).jpg,0.0,346.49670766383326,0.0,0
Corn_Health (337).jpg,0.0,1093.4200216860036,0.0,0
Corn_Health (338).jpg,0.0,1257.502502110734,0.0,0
Corn_Health (339).jpg,0.003864889890897379,1493.6212707917948,20.72538860103627,0
Corn_Health (34).jpg,0.0,681.3271971810768,0.0,0
Corn_Health (340).jpg,0.0006140620202640467,1142.1031459079281,25.64102564102564,0
Corn_Health (341).jpg,0.0,413.80144273996814,0.0,0
Corn_Health (342).jpg,0.0,1252.8679790457331,0.0,0
Corn_Health (343).jpg,0.0,929.2312399570617,0.0,0
Corn_Health (344).jpg,0.0015218067997094732,1998.1533463335932,78.65168539325842,0
Corn_Health (345).jpg,0.0,1177.0402792885784,0.0,0
Corn_Health (346).jpg,0.00018117732318740325,1013.8622413711254,83.33333333333333,0
Corn_Health (347).jpg,0.0,507.03885410420264,0.0,0
Corn_Health (348).jpg,0.0,231.1466968405129,0.0,0
Corn_Health (349).jpg,0.0,1000.4020940807586,0.0,0
Corn_Health (35).jpg,0.0,1312.678456163545,0.0,0
Corn_Health (350).jpg,0.0,751.0727421813654,0.0,0
Corn_Health (351).jpg,1.5815777819953184e-05,1069.040080047132,500.0,0
Corn_Health (352).jpg,0.0024693205627057766,1285.258914545354,7.518796992481203,0
Corn_Health (353).jpg,0.007040830600413435,541.6835805023147,4.405286343612335,0
Corn_Health (354).jpg,0.0,483.01967323363334,0.0,0
Corn_Health (355).jpg,3.90625e-05,1378.0630711907597,333.3333333333333,0
Corn_Health (356).jpg,0.00018532870573171142,771.1964108840575,83.33333333333333,0
Corn_Health (357).jpg,0.0,912.8134498236712,0.0,0
Corn_Health (358).jpg,0.0,545.2025811805426,0.0,0
Corn_Health (359).jpg,0.00010994188785927438,668.9270514180255,250.0,0
Corn_Health (36).jpg,0.0001282403590730054,318.4897375750227,125.0,0
Corn_Health (360).jpg,0.0,470.83806680577493,0.0,0
Corn_Health (361).jpg,0.0,400.5382788334702,0.0,0
Corn_Health (362).jpg,0.0,469.16896020743764,0.0,0
Corn_Health (363).jpg,0.0,166.16877163472054,0.0,0
Corn_Health (364).jpg,0.0,591.0081785009662,0.0,0
Corn_Health (365).jpg,0.0,508.9947693260709,0.0,0
Corn_Health (366).jpg,0.0003320981612249179,1077.0079239207707,250.0,0
Corn_Health (367).jpg,0.0,844.9539381157748,0.0,0
Corn_Health (368).jpg,0.0002650735069224966,885.518971571098,71.42857142857143,0
Corn_Health (369).jpg,0.0,1343.5253003669668,0.0,0
Corn_Health (37).jpg,0.0,375.22203120516537,0.0,0
Corn_Health (370).jpg,0.00023963958206856887,439.1716119321186,62.5,0
Corn_Health (371).jpg,0.005553846988801852,938.5013111478781,3.246753246753247,0
Corn_Health (372).jpg,0.0,1498.3397498618779,0.0,0
Corn_Health (373).jpg,0.0,652.5487730980404,0.0,0
Corn_Health (374).jpg,0.0011665970190834379,873.4022588466511,29.41176470588235,0
Corn_Health (375).jpg,5.185287610619469e-05,1421.166212330365,250.0,0
Corn_Health (376).jpg,0.0,491.46785554934706,0.0,0
Corn_Health (377).jpg,0.0031674280166170596,1256.2319820261757,10.0,0
Corn_Health (378).jpg,0.004001435492553382,1214.854015103621,8.928571428571429,0
Corn_Health (379).jpg,0.002697607406158515,1006.9736234920962,11.299435028248588,0
Corn_Health (38).jpg,0.0022587172368359137,613.845864320718,6.896551724137931,0
Corn_Health (380).jpg,0.0,673.7909673592582,0.0,0
Corn_Health (381).jpg,1.8593235780822936e-05,322.4287574852168,500.0,0
Corn_Health (382).jpg,0.0,1023.8076099155242,0.0,0
Corn_Health (383).jpg,1.538935056940597e-05,876.7721928585484,500.0,0
Corn_Health (384).jpg,0.0,790.1165258601002,0.0,0
Corn_Health (385).jpg,0.0,350.25280985728335,0.0,0
Corn_Health (386).jpg,4.7327569887044865e-05,959.9164837701907,250.0,0
Corn_Health (387).jpg,0.0002669639912687071,414.96724045536405,55.55555555555555,0
Corn_Health (388).jpg,0.0005334923349704226,532.3258986002431,28.57142857142857,0
Corn_Health (389).jpg,0.0,324.76892556397127,0.0,0
Corn_Health (39).jpg,7.630093087135663e-05,374.8902514525234,166.66666666666666,0
Corn_Health (390).jpg,3.079908218735082e-05,721.0350366723462,333.3333333333333,0
Corn_Health (391).jpg,0.0025650097293472493,772.795145854917,13.698630136986301,0
Corn_Health (392).jpg,0.0,1598.3543716241797,0.0,0
Corn_Health (393).jpg,0.0,474.4851483292148,0.0,0
Corn_Health (394).jpg,0.0,1243.6718870318837,0.0,0
Corn_Health (395).jpg,4.752098843655948e-05,523.7019464115854,250.0,0
Corn_Health (396).jpg,0.0,1114.6493650395705,0.0,0
Corn_Health (397).jpg,5.033219247030401e-05,667.3367207122653,500.0,0
Corn_Health (398).jpg,0.0,1322.8234835334742,0.0,0
Corn_Health (399).jpg,0.001034947975383023,1596.5892766063225,35.08771929824561,0
Corn_Health (4).jpg,8.138285751489307e-05,358.5427424884804,166.66666666666666,0
Corn_Health (40).jpg,0.0,691.6263546750495,0.0,0
Corn_Health (400).jpg,0.00032181935207037116,716.3770712220069,631.578947368421,0
Corn_Health (401).jpg,0.0012569992000914182,230.69235680291987,12.82051282051282,0
Corn_Health (402).jpg,0.0,461.5014507221388,0.0,0
Corn_Health (403).jpg,0.00104390839302348,1482.171356334108,45.45454545454545,0
Corn_Health (404).jpg,0.00029281624154086413,758.613435915914,52.63157894736842,0
Corn_Health (405).JPG,0.0,1346.3016966352657,0.0,0
Corn_Health (406).jpg,0.0016314383549364457,1963.2651526257062,32.608695652173914,0
Corn_Health (407).jpg,0.0,473.58871352316123,0.0,0
Corn_Health (408).jpg,0.0,2198.550348966694,0.0,0
Corn_Health (409).jpg,0.0,470.4034898524911,0.0,0
Corn_Health (41).jpg,0.0,520.6326636620961,0.0,0
Corn_Health (410).jpg,0.0,1495.428916002431,0.0,0
Corn_Health (411).jpg,0.0,498.96590016933607,0.0,0
Corn_Health (412).jpg,0.0,302.40838580666326,0.0,0
Corn_Health (413).jpg,0.014018993475030687,1615.8241118494109,3.452243958573072,0
Corn_Health (414).jpg,0.006644575020497404,997.0915937443924,5.128205128205129,0
Corn_Health (415).jpg,0.0,321.5854360092301,0.0,0
Corn_Health (416).jpg,0.0,421.4210498942984,0.0,0
Corn_Health (417).jpg,0.00042242703533026114,694.9759759314286,43.47826086956522,0
Corn_Health (418).jpg,0.0,364.8861501555609,0.0,0
Corn_Health (419).jpg,0.002128897874165288,823.7939065038636,7.142857142857142,0
Corn_Health (42).jpg,4.9512303807496165e-05,1226.7060664247106,250.0,0
Corn_Health (420).jpg,0.0,430.47021248652436,0.0,0
Corn_Health (421).jpg,0.0,957.1351099574972,0.0,0
Corn_Health (422).jpg,0.0,988.280420901212,0.0,0
Corn_Health (423).jpg,0.0,498.22205455015705,0.0,0
Corn_Health (424).jpg,0.0,682.3514133297713,0.0,0
Corn_Health (425).jpg,0.02929887410440123,1538.9136115474676,1.7452006980802792,0
Corn_Health (426).jpg,0.009713482802859063,1195.990627331364,3.1397174254317113,0
Corn_Health (427).jpg,0.0024448205706860886,2247.1046954171425,41.666666666666664,0
Corn_Health (428).jpg,3.0745580322828594e-05,771.9272132547505,333.3333333333333,0
Corn_Health (429).jpg,0.00014296834045527475,579.5975679262234,300.0,0
Corn_Health (43).jpg,0.0007629826262497815,765.2835190010821,20.408163265306122,0
Corn_Health (430).jpg,5.383966547621184e-05,724.6814562493514,250.0,0
Corn_Health (431).jpg,0.06973372879661412,2463.2936494994397,4.538939321548017,0
Corn_Health (432).jpg,0.0005491832859989644,780.5051955096353,55.55555555555555,0
Corn_Health (433).jpg,6.972285166463308e-05,442.716300057498,200.0,0
Corn_Health (434).jpg,0.0010547805375978223,1008.5502277056067,95.23809523809523,0
Corn_Health (435).JPG,0.0,1557.77936340205,0.0,0
Corn_Health (436).jpg,0.0,1396.4492743219218,0.0,0
Corn_Health (437).jpg,0.0,1100.066463213359,0.0,0
Corn_Health (438).jpg,0.0,1292.0179720601882,0.0,0
Corn_Health (439).jpg,2.089383840705376e-05,1630.5582666091464,500.0,0
Corn_Health (44).jpg,0.0,1743.8247781622317,0.0,0
Corn_Health (440).jpg,8.527039241434589e-05,1001.345029192452,333.3333333333333,0
Corn_Health (441).jpg,0.0,2342.316066043344,0.0,0
Corn_Health (442).jpg,0.0005076383711153766,837.3919986730903,151.51515151515153,0
Corn_Health (443).jpg,0.0005035554063539537,1095.610175976653,58.8235294117647,0
Corn_Health (444).jpg,0.00196614236203679,1435.7079805311487,50.42016806722689,0
Corn_Health (445).jpg,4.9099836333878886e-05,598.8340184117868,250.0,0
Corn_Health (446).jpg,0.0,601.6131920113394,0.0,0
Corn_Health (447).jpg,0.0,857.9741891914114,0.0,0
Corn_Health (448).jpg,0.0,988.6420746504032,0.0,0
Corn_Health (449).jpg,0.0,980.071098253655,0.0,0
Corn_Health (45).jpg,0.0,718.229224063451,0.0,0
Corn_Health (450).jpg,0.0,412.86204762101494,0.0,0
Corn_Health (451).jpg,1.628531878511522e-05,1553.9361646857342,500.0,0
Corn_Health (452).jpg,0.003899086652304734,1305.0655690335943,4.545454545454545,0
Corn_Health (453).jpg,0.0,350.0661829439325,0.0,0
Corn_Health (454).jpg,0.0,433.15638907778396,0.0,0
Corn_Health (455).jpg,0.0007704887099817599,1758.0120018402304,20.0,0
Corn_Health (456).jpg,0.0003492717683629632,482.7034429314216,95.23809523809523,0
Corn_Health (457).jpg,0.0248715739765802,1031.7089892673657,10.256410256410257,0
Corn_Health (458).jpg,0.008463749600766528,1133.0490206736713,10.752688172043012,0
Corn_Health (459).JPG,0.0006286511599380549,1156.0971711053087,23.809523809523807,0
Corn_Health (46).jpg,0.0,504.5529843262831,0.0,0
Corn_Health (460).jpg,0.0,636.021287653951,0.0,0
Corn_Health (461).jpg,0.0005206897607889982,537.6749088988552,28.57142857142857,0
Corn_Health (462).JPG,0.0,838.1236936141306,0.0,0
Corn_Health (463).jpg,0.0,1490.3948137549605,0.0,0
Corn_Health (464).jpg,0.004427044617341461,764.2996967241115,7.434944237918216,0
Corn_Health (465).jpg,0.0,374.372390355991,0.0,0
Corn_Health (466).jpg,0.0028948108447885133,1104.8200825472036,62.5,0
Corn_Health (467).jpg,0.0,624.2111313382457,0.0,0
Corn_Health (468).jpg,0.000668460655091442,520.8008948955875,75.0,0
Corn_Health (469).jpg,0.0,346.9241109436986,0.0,0
Corn_Health (47).jpg,0.0,400.79534585695546,0.0,0
Corn_Health (470).jpg,0.0,184.51043142876117,0.0,0
Corn_Health (471).jpg,0.00022158209616662973,922.4794046998438,133.33333333333334,0
Corn_Health (472).jpg,0.007208512252746305,1428.0882082399228,33.41288782816229,0
Corn_Health (473).jpg,0.0,515.1427729436571,0.0,0
Corn_Health (474).jpg,0.0,1280.6310908403525,0.0,0
Corn_Health (475).jpg,0.0,1313.1082740350332,0.0,0
Corn_Health (476).jpg,0.0,755.4726853626552,0.0,0
Corn_Health (477).jpg,3.397546971086875e-05,556.4432460920791,333.3333333333333,0
Corn_Health (478).jpg,0.0,451.018775257277,0.0,0
Corn_Health (479).JPG,0.0,655.5180990645867,0.0,0
Corn_Health (48).jpg,0.00012730339581808344,548.9549615078092,111.1111111111111,0
Corn_Health (480).jpg,0.016731762213689924,1379.739617701665,0.9881422924901185,0
Corn_Health (481).JPG,0.0,1189.6438386691634,0.0,0
Corn_Health (482).jpg,4.8756704046806435e-05,591.274665203754,250.0,0
Corn_Health (483).jpg,0.0,483.43452559957586,0.0,0
Corn_Health (484).jpg,0.0,1872.4074244882604,0.0,0
Corn_Health (485).jpg,0.0,1059.0367150181933,0.0,0
Corn_Health (486).jpg,0.0,313.9163663124339,0.0,0
Corn_Health (487).jpg,0.0,751.0138858605255,0.0,0
Corn_Health (488).jpg,0.0,1630.0258044754537,0.0,0
Corn_Health (489).jpg,0.00029492895681893096,865.3457904570645,277.77777777777777,0
Corn_Health (49).jpg,3.224454261116306e-05,633.2062479290437,333.3333333333333,0
Corn_Health (490).jpg,0.0,269.29188595140886,0.0,0
Corn_Health (491).jpg,0.0,375.4035052058947,0.0,0
Corn_Health (492).jpg,0.004998832048586779,1106.032905664485,9.316770186335404,0
Corn_Health (493).jpg,0.0,221.40186222935432,0.0,0
Corn_Health (494).jpg,0.0,580.8820238516599,0.0,0
Corn_Health (495).jpg,0.0,338.51992588179274,0.0,0
Corn_Health (496).jpg,0.0,700.4092021572303,0.0,0
Corn_Health (497).jpg,0.0,940.7812067252681,0.0,0
Corn_Health (498).jpg,0.0,1013.7869722470637,0.0,0
Corn_Health (499).jpg,8.598304414369486e-05,1607.1479654091029,166.66666666666666,0
Corn_Health (5).jpg,0.0,989.4875816042077,0.0,0
Corn_Health (50).jpg,1.563232765358762e-05,1022.5164808422314,500.0,0
Corn_Health (500).jpg,0.00020818986916067454,1551.5763351466683,285.7142857142857,0
Corn_Health (501).jpg,0.0,535.8358673012046,0.0,0
Corn_Health (502).jpg,0.0,733.7697583965163,0.0,0
Corn_Health (503).jpg,0.0,689.7813902322919,0.0,0
Corn_Health (504).jpg,0.0,505.18364825057216,0.0,0
Corn_Health (505).jpg,0.0,824.34832770228,0.0,0
Corn_Health (506).jpg,0.0,437.7301011713523,0.0,0
Corn_Health (507).jpg,0.0008213750785137943,1097.6054651904506,96.15384615384616,0
Corn_Health (508).jpg,0.0,682.9530375229708,0.0,0
Corn_Health (509).jpg,0.0,1650.424203268824,0.0,0
Corn_Health (51).jpg,0.0003013385776819133,444.3590800813078,100.0,0
Corn_Health (510).jpg,4.7519482988025094e-05,603.47365326723,500.0,0
Corn_Health (511).jpg,0.0,916.3536909338912,0.0,0
Corn_Health (512).jpg,1.5285611653750323e-05,1511.1603767827842,500.0,0
Corn_Health (513).jpg,0.0,1857.1009686806483,0.0,0
Corn_Health (514).jpg,0.0,739.9770021268334,0.0,0
Corn_Health (515).jpg,0.0,147.78447334676878,0.0,0
Corn_Health (516).jpg,0.0007445881156472468,2200.0347247957416,95.23809523809523,0
Corn_Health (517).jpg,0.005456095481670929,800.7994936577666,11.3314447592068,0
Corn_Health (518).jpg,0.011487893777662067,1682.9209758781983,4.243281471004243,0
Corn_Health (519).jpg,0.02819727146713358,1600.8118357269693,1.292824822236587,0
Corn_Health (52).jpg,0.0003092002535442079,613.1348269217513,47.61904761904761,0
Corn_Health (520).jpg,0.0,337.3525878935897,0.0,0
Corn_Health (521).jpg,0.00021164021164021165,1127.9758169066045,100.0,0
Corn_Health (522).jpg,0.0,1377.478745759272,0.0,0
Corn_Health (523).jpg,6.164468006411046e-05,1007.8254975610741,400.0,0
Corn_Health (524).jpg,0.0001311389417087404,862.5458122604533,111.1111111111111,0
Corn_Health (525).jpg,0.0,896.4448500817819,0.0,0
Corn_Health (526).jpg,0.0,698.9750156740113,0.0,0
Corn_Health (527).jpg,0.0,717.2673175807881,0.0,0
Corn_Health (528).jpg,0.0023207083793344296,1093.7857948544502,19.230769230769234,0
Corn_Health (529).jpg,0.003274563257141935,1173.0275218837173,19.607843137254903,0
Corn_Health (53).jpg,0.0,990.6400440225414,0.0,0
Corn_Health (530).jpg,0.0,1264.606161509105,0.0,0
Corn_Health (531).jpg,0.0,1109.074915123424,0.0,0
Corn_Health (532).jpg,0.002731990231990232,1096.4144875651853,5.555555555555555,0
Corn_Health (533).jpg,0.0005427997611681051,1921.3300817669729,193.54838709677418,0
Corn_Health (534).jpg,0.0,574.2366291159353,0.0,0
Corn_Health (535).jpg,0.0,367.0330766374682,0.0,0
Corn_Health (536).jpg,0.0,1497.2191954619188,0.0,0
Corn_Health (537).jpg,0.0,773.4339074984324,0.0,0
Corn_Health (538).jpg,4.70337388686818e-05,705.0064794423283,500.0,0
Corn_Health (539).jpg,0.0,319.93347606466205,0.0,0
Corn_Health (54).jpg,0.00029072021086905964,644.4196925037438,62.5,0
Corn_Health (540).jpg,0.0,532.1736382838712,0.0,0
Corn_Health (541).jpg,0.0,1448.4409678559164,0.0,0
Corn_Health (542).jpg,1.6493485073396007e-05,572.2705393184556,500.0,0
Corn_Health (543).jpg,0.0,603.1849773201816,0.0,0
Corn_Health (544).jpg,0.0,351.6620996250448,0.0,0
Corn_Health (545).jpg,0.0,231.95158580771945,0.0,0
Corn_Health (546).jpg,0.0,372.3414974886043,0.0,0
Corn_Health (547).jpg,5.9644518668734345e-05,1185.347284226855,250.0,0
Corn_Health (548).jpg,0.0,886.0429316437835,0.0,0
Corn_Health (549).jpg,0.0,1522.447901163904,0.0,0
Corn_Health (55).jpg,0.003768580070195869,1880.479264515305,12.82051282051282,0
Corn_Health (550).jpg,0.01157167530224525,1739.6698161233387,9.485094850948508,0
Corn_Health (551).jpg,1.6160832606095866e-05,1154.0575336091874,500.0,0
Corn_Health (552).jpg,0.0363375796178344,1863.4592184404369,0.8760402978537013,0
Corn_Health (553).jpg,0.0,661.0351753113945,0.0,0
Corn_Health (554).jpg,0.0,3165.4883983243426,0.0,0
Corn_Health (555).jpg,0.0,705.0771235406502,0.0,0
Corn_Health (556).jpg,0.0001427959445951735,440.07044404188423,100.0,0
Corn_Health (557).jpg,0.0,2195.646355062797,0.0,0
Corn_Health (558).jpg,0.0001659640853719255,610.0133488509452,90.9090909090909,0
Corn_Health (559).jpg,0.0010968921389396709,1005.9268136212688,28.57142857142857,0
Corn_Health (56).jpg,0.0,931.8296261851491,0.0,0
Corn_Health (560).jpg,0.008490815897300077,1278.4225969204304,20.14652014652015,0
Corn_Health (561).jpg,0.003372732986861672,790.7717257586277,54.29864253393665,0
Corn_Health (562).jpg,0.0,417.6270419812421,0.0,0
Corn_Health (563).jpg,0.00043299415457891317,1247.7346226471682,370.3703703703703,0
Corn_Health (564).jpg,0.0,603.254346912383,0.0,0
Corn_Health (565).jpg,0.004359038729260333,813.9155202536623,20.833333333333332,0
Corn_Health (566).jpg,0.0128924203474332,1517.436852686026,6.033182503770739,0
Corn_Health (567).jpg,0.0,730.0150644462294,0.0,0
Corn_Health (568).jpg,0.0008887845452106251,816.5911787613674,92.59259259259258,0
Corn_Health (569).jpg,0.007331221206973078,1431.5659352140813,2.0833333333333335,0
Corn_Health (57).jpg,0.0,636.3855411179827,0.0,0
Corn_Health (570).jpg,0.0,825.0363942741253,0.0,0
Corn_Health (571).jpg,0.0,459.27128658615413,0.0,0
Corn_Health (572).jpg,0.0004268105302694028,1467.5368172132753,38.46153846153847,0
Corn_Health (573).jpg,0.0,1382.001564778478,0.0,0
Corn_Health (574).jpg,1.5329194450831608e-05,389.7338339506585,500.0,0
Corn_Health (575).jpg,0.0,1040.0857743900897,0.0,0
Corn_Health (576).jpg,6.168746048147063e-05,633.9110741022727,200.0,0
Corn_Health (577).jpg,0.014563106796116505,1442.4891577317935,8.962868117797695,0
Corn_Health (578).jpg,0.0,338.12655626471405,0.0,0
Corn_Health (579).jpg,0.0,1554.1096427890275,0.0,0
Corn_Health (58).jpg,4.8001536049153576e-05,874.7658745098441,500.0,0
Corn_Health (580).jpg,0.0,431.62297676838216,0.0,0
Corn_Health (581).jpg,0.0,489.1306671142763,0.0,0
Corn_Health (582).jpg,0.0028601457640552042,1929.634710668347,35.92814371257485,0
Corn_Health (583).jpg,0.0,336.85137426637505,0.0,0
Corn_Health (584).jpg,0.0,510.8291466537321,0.0,0
Corn_Health (585).jpg,0.0011056132528591883,284.5758784486178,32.25806451612903,0
Corn_Health (586).jpg,0.0,678.7606756242379,0.0,0
Corn_Health (587).jpg,0.0,406.00449027448786,0.0,0
Corn_Health (588).jpg,0.0,812.3335479476432,0.0,0
Corn_Health (589).jpg,0.0,935.2164943260958,0.0,0
Corn_Health (59).jpg,0.0,1038.5861802773509,0.0,0
Corn_Health (590).jpg,0.0,214.68988685359085,0.0,0
Corn_Health (591).jpg,0.0,931.3717224773889,0.0,0
Corn_Health (592).jpg,0.0020722415277202155,1101.3373260815106,15.267175572519083,0
Corn_Health (593).jpg,0.0,993.454153186314,0.0,0
Corn_Health (594).jpg,0.0,1184.0782342211485,0.0,0
Corn_Health (595).jpg,0.0,634.4740189678357,0.0,0
Corn_Health (596).jpg,0.00031461876071670156,827.5145096113079,190.47619047619045,0
Corn_Health (597).jpg,0.00254382838069931,1282.9692327215557,25.31645569620253,0
Corn_Health (598).jpg,0.00015016142353029506,533.9044286526373,111.1111111111111,0
Corn_Health (599).jpg,0.002240516882034181,2230.4894918270993,30.76923076923077,0
Corn_Health (6).jpg,0.0,617.6266044501291,0.0,0
Corn_Health (60).jpg,0.0,417.41486313633044,0.0,0
Corn_Health (600).jpg,0.00048016133420829396,623.8619741749558,96.77419354838709,0
Corn_Health (601).jpg,0.0,778.1849792518404,0.0,0
Corn_Health (602).jpg,0.0,941.4091651389374,0.0,0
Corn_Health (603).jpg,0.0,371.6789959993725,0.0,0
Corn_Health (604).jpg,0.0,488.0400877708513,0.0,0
Corn_Health (605).jpg,0.0003154731266707623,1410.83636873417,100.0,0
Corn_Health (606).jpg,0.0,1034.9334650769154,0.0,0
Corn_Health (607).jpg,0.0,1313.3400570828007,0.0,0
Corn_Health (608).jpg,0.007035707417142124,1137.0064078453001,13.636363636363635,0
Corn_Health (609).jpg,1.9127773527161437e-05,912.985244918774,500.0,0
Corn_Health (61).jpg,0.0,949.6208410395069,0.0,0
Corn_Health (610).jpg,0.0,971.3273953917464,0.0,0
Corn_Health (611).jpg,5.0770871058911134e-05,386.9455106177299,750.0,0
Corn_Health (612).jpg,0.0,339.881091954287,0.0,0
Corn_Health (613).jpg,0.0,2035.817913819783,0.0,0
Corn_Health (614).jpg,0.00608098689712852,862.2375536421534,2.857142857142857,0
Corn_Health (615).jpg,0.0,533.4331115240782,0.0,0
Corn_Health (616).jpg,0.0006450622024266625,1530.9589803757372,116.27906976744185,0
Corn_Health (617).JPG,0.0,1091.5679174029938,0.0,0
Corn_Health (618).jpg,0.0,944.3975679947978,0.0,0
Corn_Health (619).jpg,0.001899335232668566,1674.8795238076384,41.32231404958678,0
Corn_Health (62).jpg,0.0,1090.1569165474486,0.0,0
Corn_Health (620).jpg,0.0,2054.235063822819,0.0,0
Corn_Health (621).jpg,0.0,1534.4135592104171,0.0,0
Corn_Health (622).jpg,0.0,1095.6382605131948,0.0,0
Corn_Health (623).jpg,0.0,1396.0065251607823,0.0,0
Corn_Health (624).jpg,0.0,518.5606988642885,0.0,0
Corn_Health (625).jpg,0.0,476.2020564872639,0.0,0
Corn_Health (626).jpg,0.0,1918.8039179764805,0.0,0
Corn_Health (627).jpg,0.0,1258.8892671190313,0.0,0
Corn_Health (628).jpg,0.0005866918726878637,896.3920898145047,27.027027027027028,0
Corn_Health (629).jpg,0.01052445813479649,841.837706776413,3.0441400304414,0
Corn_Health (63).jpg,0.0055242304175556235,1203.0300873423014,3.4364261168384878,0
Corn_Health (630).jpg,6.492874070707399e-05,1131.1935013781083,200.0,0
Corn_Health (631).jpg,0.0,386.87359819470595,0.0,0
Corn_Health (632).jpg,0.0,1167.4308112667043,0.0,0
Corn_Health (633).jpg,0.0,1164.405597513174,0.0,0
Corn_Health (634).jpg,0.0,380.2583756560456,0.0,0
Corn_Health (635).jpg,0.0,1333.9795582166726,0.0,0
Corn_Health (636).jpg,0.0,438.02424902051814,0.0,0
Corn_Health (637).jpg,0.0,505.5629564369844,0.0,0
Corn_Health (638).jpg,0.0,583.3447318690863,0.0,0
Corn_Health (639).jpg,0.0,1998.7301310010437,0.0,0
Corn_Health (64).jpg,0.0,192.0694763908985,0.0,0
Corn_Health (640).jpg,0.0,384.37960738263905,0.0,0
Corn_Health (641).jpg,0.0,589.3932346943639,0.0,0
Corn_Health (642).jpg,0.0,410.38567557768755,0.0,0
Corn_Health (643).jpg,0.010588804215511347,1335.4343355408946,6.289308176100629,0
Corn_Health (644).jpg,0.0,1617.0851052588173,0.0,0
Corn_Health (645).jpg,0.0,1018.3640451784789,0.0,0
Corn_Health (646).jpg,0.0,428.7927795263756,0.0,0
Corn_Health (647).jpg,0.0010785388450793875,814.452792772829,145.16129032258067,0
Corn_Health (648).jpg,0.0,1488.3868171514496,0.0,0
Corn_Health (649).jpg,0.0,511.95323859959814,0.0,0
Corn_Health (65).jpg,0.0,964.57680738478,0.0,0
Corn_Health (650).jpg,0.0,514.5296534160623,0.0,0
Corn_Health (651).jpg,6.285552657217385e-05,577.1005330842038,200.0,0
Corn_Health (652).jpg,0.0,665.6283148721441,0.0,0
Corn_Health (653).jpg,0.0027650071170301532,1256.299335433397,11.76470588235294,0
Corn_Health (654).jpg,0.0013778524376663332,794.0322070522112,13.513513513513514,0
Corn_Health (655).jpg,0.0,666.9328540551262,0.0,0
Corn_Health (656).jpg,0.0,1233.973754323165,0.0,0
Corn_Health (657).jpg,0.0010771152044957851,653.931898374135,28.57142857142857,0
Corn_Health (658).jpg,0.0,769.9474296766562,0.0,0
Corn_Health (659).jpg,0.00024347304940630033,576.692230391724,71.42857142857143,0
Corn_Health (66).jpg,0.0,554.8144593460956,0.0,0
Corn_Health (660).jpg,0.003957656295247595,2393.068715226212,44.534412955465584,0
Corn_Health (661).jpg,0.0001812250815512867,786.492280900986,181.8181818181818,0
Corn_Health (662).jpg,0.0,426.90008325191747,0.0,0
Corn_Health (663).jpg,0.0,603.721985434266,0.0,0
Corn_Health (664).jpg,0.00038020404283632214,1144.9613409530236,40.0,0
Corn_Health (665).jpg,4.8521705376204954e-05,748.0330862597164,250.0,0
Corn_Health (666).jpg,2.0076692967134452e-05,1015.3499890780164,500.0,0
Corn_Health (667).jpg,0.0,563.704813990322,0.0,0
Corn_Health (668).jpg,0.0,424.33826345566587,0.0,0
Corn_Health (669).jpg,0.000347531440735029,1407.1150660542821,117.6470588235294,0
Corn_Health (67).jpg,0.0,814.396407650219,0.0,0
Corn_Health (670).jpg,0.0,986.6412751395051,0.0,0
Corn_Health (671).jpg,0.000157065321722134,1441.0895411523995,100.0,0
Corn_Health (672).jpg,0.0028017090425159347,1017.0656778346538,12.422360248447204,0
Corn_Health (673).jpg,0.0008688501698912386,832.5771983420176,17.543859649122805,0
Corn_Health (674).jpg,0.000699425820198767,1128.9703653915853,45.45454545454545,0
Corn_Health (675).jpg,4.3494334862884106e-05,1087.11009879914,666.6666666666666,0
Corn_Health (676).jpg,3.5219328367408035e-05,545.5672071902416,333.3333333333333,0
Corn_Health (677).jpg,0.028402253843949957,1643.4250960711156,2.688172043010753,0
Corn_Health (678).jpg,0.008093137417493117,558.9065265658323,4.08997955010225,0
Corn_Health (679).jpg,0.0,400.2735485457326,0.0,0
Corn_Health (68).jpg,0.0019730510105871028,1175.5838346189898,16.129032258064516,0
Corn_Health (680).jpg,0.0,876.2370246107448,0.0,0
Corn_Health (681).jpg,0.0005378988135489027,911.4157295103339,27.777777777777775,0
Corn_Health (682).jpg,0.0,445.7457059651084,0.0,0
Corn_Health (683).jpg,2.133424359439336e-05,367.6682801713815,500.0,0
Corn_Health (684).jpg,0.0,1404.4327985688258,0.0,0
Corn_Health (685).jpg,0.0,802.7206493825385,0.0,0
Corn_Health (686).jpg,0.0,1059.3801127149227,0.0,0
Corn_Health (687).jpg,0.0,1548.0059668640301,0.0,0
Corn_Health (688).jpg,0.0017230020777377997,1032.2733925322723,29.12621359223301,0
Corn_Health (689).jpg,0.0,482.3427113975404,0.0,0
Corn_Health (69).jpg,0.000887999095855466,633.2565595126922,71.42857142857143,0
Corn_Health (690).jpg,0.0,339.80374896568213,0.0,0
Corn_Health (691).jpg,0.0,664.1623288263647,0.0,0
Corn_Health (692).jpg,0.0,352.660681818325,0.0,0
Corn_Health (693).jpg,0.007234769138692813,1281.4691667749642,21.844660194174757,0
Corn_Health (694).jpg,0.0,991.1404954589248,0.0,0
Corn_Health (695).jpg,0.00015528754076297944,743.6395528280541,100.0,0
Corn_Health (696).jpg,0.0,564.4011858492361,0.0,0
Corn_Health (697).jpg,0.0,1711.8030866017004,0.0,0
Corn_Health (698).jpg,0.0,957.7239248079762,0.0,0
Corn_Health (699).jpg,0.0003133961170221101,907.513454851192,47.61904761904761,0
Corn_Health (7).jpg,0.0,1704.6863020466158,0.0,0
Corn_Health (70).jpg,0.011891009349537143,781.8425369486208,1.29366106080207,0
Corn_Health (700).jpg,0.0,921.9982115733812,0.0,0
Corn_Health (701).jpg,0.0011340686655274196,449.20165657370416,13.513513513513514,0
Corn_Health (702).jpg,0.0,252.9451401062167,0.0,0
Corn_Health (703).jpg,0.0,2215.822429900209,0.0,0
Corn_Health (704).jpg,0.0001403878213564973,1019.8803734093326,555.5555555555555,0
Corn_Health (705).JPG,0.0,1377.06486002889,0.0,0
Corn_Health (706).jpg,0.0010537819061743814,909.995801680222,18.18181818181818,0
Corn_Health (707).jpg,0.0,737.7858833111659,0.0,0
Corn_Health (708).jpg,0.0009532292594502524,574.9155949737467,161.29032258064515,0
Corn_Health (709).jpg,0.0,505.8118137936518,0.0,0
Corn_Health (71).jpg,0.0,629.6663125020957,0.0,0
Corn_Health (710).jpg,0.0,606.4099992101167,0.0,0
Corn_Health (711).jpg,0.0010369911778362482,1080.068545553086,29.41176470588235,0
Corn_Health (712).jpg,3.1388797338229985e-05,647.7776930158122,666.6666666666666,0
Corn_Health (713).jpg,0.0,1243.3789902017606,0.0,0
Corn_Health (714).jpg,0.0014342058085335247,1550.9103060984326,35.08771929824561,0
Corn_Health (715).jpg,0.0,949.2499067233302,0.0,0
Corn_Health (716).jpg,0.00028946517052904014,571.2476198323748,111.1111111111111,0
Corn_Health (717).jpg,0.000905365481749738,834.6053035562176,34.48275862068965,0
Corn_Health (718).jpg,0.0,365.5028573268172,0.0,0
Corn_Health (719).jpg,0.0,259.99837192382574,0.0,0
Corn_Health (72).jpg,1.6095802214782386e-05,469.5902498556077,500.0,0
Corn_Health (720).jpg,0.0,2578.8093064896752,0.0,0
Corn_Health (721).jpg,0.00011552298907482589,752.7758792913232,500.0,0
Corn_Health (722).jpg,6.118172501873691e-05,793.1827903051043,200.0,0
Corn_Health (723).jpg,0.00022768670309653916,860.8119740035578,133.33333333333334,0
Corn_Health (724).jpg,1.7618040873854827e-05,1183.790717929844,500.0,0
Corn_Health (725).jpg,0.0,806.6393242156812,0.0,0
Corn_Health (726).jpg,0.0003067908146830084,1644.5841545207488,47.61904761904761,0
Corn_Health (727).jpg,0.0,563.8414077484101,0.0,0
Corn_Health (728).jpg,0.0,671.5293476370399,0.0,0
Corn_Health (729).jpg,0.0001737098098667172,518.8474975170046,83.33333333333333,0
Corn_Health (73).jpg,0.0,1395.6594475808827,0.0,0
Corn_Health (730).jpg,0.012376008157967924,678.934769533881,4.987531172069826,0
Corn_Health (731).jpg,0.0,272.5461676598026,0.0,0
Corn_Health (732).jpg,0.0,917.5587597982565,0.0,0
Corn_Health (733).jpg,4.7302197975465925e-05,2609.1157682950993,500.0,0
Corn_Health (734).jpg,0.0018442451169419062,1200.842907194403,9.00900900900901,0
Corn_Health (735).jpg,0.00012695994413762458,1306.8300210476364,142.85714285714286,0
Corn_Health (736).jpg,0.0,434.29318335832477,0.0,0
Corn_Health (737).jpg,0.0,1477.8874004823074,0.0,0
Corn_Health (738).jpg,0.003631376639431342,1238.928545652314,5.291005291005291,0
Corn_Health (739).jpg,0.0,864.8427256048647,0.0,0
Corn_Health (74).jpg,0.0,1067.9662351511975,0.0,0
Corn_Health (740).jpg,0.0,642.0298607388461,0.0,0
Corn_Health (741).jpg,0.0013024602026049203,850.7019622932482,27.397260273972602,0
Corn_Health (742).jpg,0.0,614.2092740976043,0.0,0
Corn_Health (743).jpg,0.0,515.9716037618518,0.0,0
Corn_Health (744).jpg,0.0,493.2838547350418,0.0,0
Corn_Health (745).jpg,0.0,452.5349281223175,0.0,0
Corn_Health (746).jpg,0.0,886.8398615415176,0.0,0
Corn_Health (747).jpg,0.007788924875582589,1715.1357610084274,16.194331983805668,0
Corn_Health (748).jpg,0.0,544.6749698517831,0.0,0
Corn_Health (749).jpg,0.00018849253098345977,677.3287010878341,76.92307692307693,0
Corn_Health (75).jpg,6.81454223312549e-05,779.149651001056,400.0,0
Corn_Health (750).jpg,0.002878459527866466,1336.4234175852348,68.57142857142857,0
Corn_Health (751).jpg,0.0,2057.6499998106974,0.0,0
Corn_Health (752).jpg,0.0,619.6043670919485,0.0,0
Corn_Health (753).jpg,0.0,487.68426247557744,0.0,0
Corn_Health (754).jpg,0.0,1455.1874365666026,0.0,0
Corn_Health (755).jpg,0.00039602217724192556,1379.011979903119,105.26315789473684,0
Corn_Health (756).jpg,0.005478345184227537,444.1877745992523,2.941176470588235,0
Corn_Health (757).jpg,0.0,1216.654018842622,0.0,0
Corn_Health (758).jpg,0.0,1476.7404600243462,0.0,0
Corn_Health (759).jpg,0.0,770.3952792932946,0.0,0
Corn_Health (76).jpg,0.0,1147.1386030443869,0.0,0
Corn_Health (760).jpg,0.0,1774.1746489774525,0.0,0
Corn_Health (761).jpg,0.0018559136156571622,570.2226385522513,36.03603603603604,0
Corn_Health (762).jpg,0.0007973591465067696,815.7276325241916,19.607843137254903,0
Corn_Health (763).jpg,0.0,607.1621782165475,0.0,0
Corn_Health (764).jpg,0.001314060446780552,1767.7088443398607,47.61904761904761,0
Corn_Health (765).jpg,0.0,593.7119854753532,0.0,0
Corn_Health (766).jpg,0.0005285936106247316,1216.9412270237158,121.21212121212122,0
Corn_Health (767).jpg,0.0001460730689951796,610.6390193974938,200.0,0
Corn_Health (768).jpg,0.0,1127.6716217336475,0.0,0
Corn_Health (769).jpg,0.00023870621232917588,1243.9193295198452,76.92307692307693,0
Corn_Health (77).jpg,0.0,1002.6654479420683,0.0,0
Corn_Health (770).jpg,0.00018318678390620837,970.2577466465503,250.0,0
Corn_Health (771).jpg,0.0,1184.0816587784416,0.0,0
Corn_Health (772).jpg,0.0,557.9693754317934,0.0,0
Corn_Health (773).jpg,0.0002576896947548434,467.15145569836045,166.66666666666666,0
Corn_Health (774).jpg,0.002118007808178039,949.4682631115776,14.814814814814815,0
Corn_Health (775).jpg,0.0,584.6828022560466,0.0,0
Corn_Health (776).jpg,0.00339442205068786,1161.6536671592917,14.354066985645934,0
Corn_Health (777).jpg,0.034687559234220004,2259.6072821811777,9.101941747572814,0
Corn_Health (778).jpg,0.0,710.2716621578638,0.0,0
Corn_Health (779).jpg,0.00667412118247257,1477.9473435789253,7.832898172323759,0
Corn_Health (78).jpg,0.0,565.9342103151569,0.0,0
Corn_Health (780).jpg,0.0,339.94945373018516,0.0,0
Corn_Health (781).jpg,0.0,838.916494905548,0.0,0
Corn_Health (782).jpg,0.0,1076.654900923691,0.0,0
Corn_Health (783).jpg,0.0,1455.7823983144585,0.0,0
Corn_Health (784).jpg,0.0,578.5668574166675,0.0,0
Corn_Health (785).jpg,0.004734301317775997,1310.467523741484,7.8431372549019605,0
Corn_Health (786).jpg,0.0,467.55397259512625,0.0,0
Corn_Health (787).jpg,0.0,562.0608481838028,0.0,0
Corn_Health (788).jpg,0.0009513239257967338,1008.8973579069344,32.25806451612903,0
Corn_Health (789).jpg,0.0,744.7146316807889,0.0,0
Corn_Health (79).jpg,0.0013003478430480154,1047.2887004713589,12.345679012345679,0
Corn_Health (790).jpg,0.0,430.107715439931,0.0,0
Corn_Health (791).jpg,0.0009649404953361209,537.44191708566,31.25,0
Corn_Health (792).jpg,0.0,230.7619168207687,0.0,0
Corn_Health (793).jpg,0.0,661.5595106786977,0.0,0
Corn_Health (794).jpg,0.005322235670585114,918.5853258770501,15.527950310559007,0
Corn_Health (795).jpg,0.00015574140696787055,1013.0604833719499,90.9090909090909,0
Corn_Health (796).jpg,0.005314480741101901,996.473641831982,31.963470319634702,0
Corn_Health (797).jpg,0.000641768149516326,613.5267250789475,23.809523809523807,0
Corn_Health (798).jpg,0.005632273606351576,627.6835292054499,12.012012012012011,0
Corn_Health (799).jpg,0.0,485.1861580740457,0.0,0
Corn_Health (8).jpg,0.0,341.9178410255522,0.0,0
Corn_Health (80).jpg,0.0009752862465133516,1425.2523277934545,19.607843137254903,0
Corn_Health (800).jpg,0.0,191.6294591838479,0.0,0
Corn_Health (801).jpg,0.0,925.5583687871015,0.0,0
Corn_Health (802).jpg,0.0,383.2146700412367,0.0,0
Corn_Health (803).jpg,0.0,559.5124119690722,0.0,0
Corn_Health (804).jpg,6.81918919840431e-05,1881.8318008489023,400.0,0
Corn_Health (805).jpg,0.004821370768523093,1046.3153222704213,7.042253521126761,0
Corn_Health (806).jpg,0.0,98.06959056675322,0.0,0
Corn_Health (807).jpg,0.0,1158.9505863541028,0.0,0
Corn_Health (808).jpg,0.00021756697954870393,603.5459699708854,133.33333333333334,0
Corn_Health (809).jpg,0.00020292841309980955,1438.3932282005458,71.42857142857143,0
Corn_Health (81).jpg,0.00039972382717395254,1123.005801089681,43.47826086956522,0
Corn_Health (810).jpg,0.00022152545838729465,1873.264904467825,71.42857142857143,0
Corn_Health (811).jpg,0.00011090865879743326,960.9873368272442,250.0,0
Corn_Health (812).jpg,0.00022860358380079836,1899.57977241632,71.42857142857143,0
Corn_Health (813).jpg,0.0,600.8958943197467,0.0,0
Corn_Health (814).jpg,0.0,1084.8457687785544,0.0,0
Corn_Health (815).jpg,0.0,1224.224902911124,0.0,0
Corn_Health (816).jpg,0.0,487.6794205600962,0.0,0
Corn_Health (817).jpg,0.0,1106.3950886514829,0.0,0
Corn_Health (818).jpg,0.0,655.6220132607518,0.0,0
Corn_Health (819).jpg,0.0,242.97469786135866,0.0,0
Corn_Health (82).jpg,0.0001227690560594202,1629.8398269840666,111.1111111111111,0
Corn_Health (820).jpg,0.0,592.4006146050194,0.0,0
Corn_Health (821).jpg,0.0,758.3490101820578,0.0,0
Corn_Health (822).jpg,0.0054869684499314125,797.1008769380044,5.730659025787966,0
Corn_Health (823).jpg,0.0,497.84676821138964,0.0,0
Corn_Health (824).jpg,0.0,428.42458005806793,0.0,0
Corn_Health (825).jpg,0.0022795403447414438,507.4266233059076,27.210884353741495,0
Corn_Health (826).jpg,0.0,436.0725487394333,0.0,0
Corn_Health (827).jpg,0.0,521.3755539031458,0.0,0
Corn_Health (828).jpg,0.0,516.9147962515555,0.0,0
Corn_Health (829).jpg,0.0,444.39042176693044,0.0,0
Corn_Health (83).jpg,0.0,958.0384903448178,0.0,0
Corn_Health (830).jpg,0.00014608136732159813,988.3450452919835,111.1111111111111,0
Corn_Health (831).jpg,0.0003096454559529339,552.5098329326134,66.66666666666667,0
Corn_Health (832).jpg,0.03417477713954559,1746.7456958944983,2.991026919242273,0
Corn_Health (833).jpg,0.0,527.5822732991893,0.0,0
Corn_Health (834).jpg,0.0,722.6051352084877,0.0,0
Corn_Health (835).jpg,0.00045594837261503927,892.7945112461869,37.03703703703704,0
Corn_Health (836).jpg,0.0,481.91818251559954,0.0,0
Corn_Health (837).jpg,0.004075126936917692,1288.4627281678386,12.048192771084338,0
Corn_Health (838).jpg,0.0,401.6823872639487,0.0,0
Corn_Health (839).jpg,0.0,983.2925565107275,0.0,0
Corn_Health (84).jpg,0.0,1365.0297843142823,0.0,0
Corn_Health (840).jpg,0.0,343.74005953842936,0.0,0
Corn_Health (841).jpg,0.002147379723051174,820.356157857357,94.8905109489051,0
Corn_Health (842).jpg,0.00025864984779451266,990.5495161919406,71.42857142857143,0
Corn_Health (843).jpg,0.0,195.54802313375706,0.0,0
Corn_Health (844).jpg,0.0,524.6379596820068,0.0,0
Corn_Health (845).JPG,0.0,332.9381684999406,0.0,0
Corn_Health (846).jpg,8.744507356316813e-05,1213.7122087813068,200.0,0
Corn_Health (847).jpg,0.00010864504112990843,983.9335375000763,125.0,0
Corn_Health (848).jpg,0.015115251491273289,1187.6814176605046,3.6496350364963503,0
Corn_Health (849).jpg,0.0,587.9569143740611,0.0,0
Corn_Health (85).jpg,0.00025272947836635666,928.1645035464343,125.0,0
Corn_Health (850).jpg,0.0,997.033579323001,0.0,0
Corn_Health (851).jpg,0.0,688.918774998336,0.0,0
Corn_Health (852).jpg,0.0009735170365481395,555.1426975391079,16.666666666666668,0
Corn_Health (853).jpg,7.867944420840611e-05,424.5953472458077,166.66666666666666,0
Corn_Health (854).jpg,0.001969325255761945,1916.5401835260118,84.03361344537815,0
Corn_Health (855).jpg,0.0004044830201398837,2269.3393629825805,40.0,0
Corn_Health (856).jpg,0.000680250585331899,1338.734504611971,45.45454545454545,0
Corn_Health (857).jpg,0.009219618780310163,2384.0956782982357,7.6923076923076925,0
Corn_Health (858).jpg,0.0,465.5247925901897,0.0,0
Corn_Health (859).jpg,0.00015860931353889102,1831.8894278071143,90.9090909090909,0
Corn_Health (86).jpg,0.0,2279.972614481101,0.0,0
Corn_Health (860).jpg,0.0,737.8694824879815,0.0,0
Corn_Health (861).jpg,0.02535793583952224,866.5211299739441,1.8105009052504526,0
Corn_Health (862).jpg,0.0,929.5006239395716,0.0,0
Corn_Health (863).jpg,0.0,502.63477091712235,0.0,0
Corn_Health (864).jpg,0.0,880.2286249881702,0.0,0
Corn_Health (865).jpg,0.007263523940821828,1276.6286837361754,5.649717514124294,0
Corn_Health (866).jpg,0.0,661.8179474245519,0.0,0
Corn_Health (867).jpg,0.0002710394362379726,961.1687589235875,235.2941176470588,0
Corn_Health (868).jpg,0.0,656.0063340992126,0.0,0
Corn_Health (869).jpg,0.00017351799854875856,630.1919692968883,83.33333333333333,0
Corn_Health (87).jpg,1.76563024171478e-05,1561.8344041487903,500.0,0
Corn_Health (870).jpg,0.001838295637330532,2623.160566928679,17.699115044247787,0
Corn_Health (871).jpg,0.0,249.40054090754552,0.0,0
Corn_Health (872).jpg,0.0,172.40228590702054,0.0,0
Corn_Health (873).jpg,0.0,528.4003815610671,0.0,0
Corn_Health (874).jpg,0.0013663220088626293,586.4928465392395,133.33333333333334,0
Corn_Health (875).jpg,6.576567689322942e-05,198.26620953691537,200.0,0
Corn_Health (876).jpg,0.0,416.4217656552366,0.0,0
Corn_Health (877).jpg,0.0019184334998180795,833.7123563390937,17.094017094017097,0
Corn_Health (878).jpg,0.0,891.0891004204002,0.0,0
Corn_Health (879).jpg,5.007176953633541e-05,1139.9635937077248,500.0,0
Corn_Health (88).jpg,0.0,379.2677318397204,0.0,0
Corn_Health (880).jpg,0.0016941068109672856,1013.9497540777552,76.92307692307693,0
Corn_Health (881).jpg,0.0,426.01586301330127,0.0,0
Corn_Health (882).jpg,0.0,416.5160605875289,0.0,0
Corn_Health (883).jpg,0.0,1386.4312379436865,0.0,0
Corn_Health (884).jpg,0.006262156648797381,1159.4435955881154,15.113350125944583,0
Corn_Health (885).jpg,0.0,657.4999299154924,0.0,0
Corn_Health (886).jpg,5.051525560719337e-05,765.3651059612407,250.0,0
Corn_Health (887).JPG,6.612335311523648e-05,1716.3448651782644,600.0,0
Corn_Health (888).jpg,0.0017326114119117035,1144.328856800029,9.523809523809526,0
Corn_Health (889).jpg,0.0,835.3508736784322,0.0,0
Corn_Health (89).jpg,0.004017024532542681,1063.769650555647,43.47826086956522,0
Corn_Health (890).jpg,0.0,372.84849779677666,0.0,0
Corn_Health (891).jpg,0.0,1251.0289573106734,0.0,0
Corn_Health (892).jpg,0.0035296678691379524,739.1106632899675,8.771929824561402,0
Corn_Health (893).jpg,0.0,603.2309549469837,0.0,0
Corn_Health (894).jpg,0.0003770874483749327,930.4389726605098,45.45454545454545,0
Corn_Health (895).jpg,0.0001714971702966901,420.17367845594583,83.33333333333333,0
Corn_Health (896).jpg,0.0,547.8330449089167,0.0,0
Corn_Health (897).jpg,0.009814128932052092,1233.1129471173415,1.736111111111111,0
Corn_Health (898).jpg,0.0,806.6572311298644,0.0,0
Corn_Health (899).jpg,0.0017621422615207917,706.5909222947622,26.548672566371682,0
Corn_Health (9).jpg,0.0,1177.576219093948,0.0,0
Corn_Health (90).jpg,0.0,464.4131137066479,0.0,0
Corn_Health (900).jpg,6.148643455537622e-05,594.790110068534,200.0,0
Corn_Health (901).jpg,0.0,841.5361081145079,0.0,0
Corn_Health (902).jpg,0.0,3615.6130800030205,0.0,0
Corn_Health (903).jpg,0.0,1447.622379283133,0.0,0
Corn_Health (904).jpg,0.0,1859.5439978664017,0.0,0
Corn_Health (905).jpg,0.0018638883578665647,1090.7621286382644,25.423728813559325,0
Corn_Health (906).jpg,0.003972640043570891,862.1589093545897,4.016064257028112,0
Corn_Health (907).jpg,0.0,546.0193295576146,0.0,0
Corn_Health (908).jpg,0.0,604.1719989459009,0.0,0
Corn_Health (909).jpg,0.0,879.7531903705367,0.0,0
Corn_Health (91).jpg,0.0012745635829757027,546.9558534003905,25.0,0
Corn_Health (910).jpg,0.00039197386840877273,914.5690257460878,90.9090909090909,0
Corn_Health (911).jpg,0.000522763995817888,618.5702354330572,176.47058823529412,0
Corn_Health (912).jpg,0.0,446.29211431367355,0.0,0
Corn_Health (913).jpg,0.008395462945262219,1091.5784683363431,5.681818181818182,0
Corn_Health (914).jpg,0.0,777.7481838776772,0.0,0
Corn_Health (915).jpg,0.0011292508227398852,1472.3652509618537,14.084507042253522,0
Corn_Health (916).jpg,0.0,1373.650823606035,0.0,0
Corn_Health (917).jpg,0.0,813.5086987387044,0.0,0
Corn_Health (918).jpg,3.443407596157157e-05,803.7167332666127,333.3333333333333,0
Corn_Health (919).jpg,0.0008547455823608422,314.27037651831074,40.0,0
Corn_Health (92).jpg,0.0,500.0631881717102,0.0,0
Corn_Health (920).jpg,0.0,727.4345923594049,0.0,0
Corn_Health (921).jpg,3.2637075718015665e-05,552.9272202835076,666.6666666666666,0
Corn_Health (922).jpg,7.285841787945574e-05,358.9676106993251,200.0,0
Corn_Health (923).jpg,0.0005240757210011435,986.1266146318221,29.41176470588235,0
Corn_Health (924).jpg,0.0,1641.0375408921827,0.0,0
Corn_Health (925).jpg,0.0011267792341215265,1012.1197369814964,14.492753623188406,0
Corn_Health (926).jpg,0.0,821.8344500595825,0.0,0
Corn_Health (927).jpg,0.0,392.6009948422895,0.0,0
Corn_Health (928).jpg,0.0,555.4997735088557,0.0,0
Corn_Health (929).jpg,0.0,182.8524975010938,0.0,0
Corn_Health (93).jpg,0.0,496.158177141956,0.0,0
Corn_Health (930).jpg,0.0,529.0831588223348,0.0,0
Corn_Health (931).jpg,0.0,1827.6237236176296,0.0,0
Corn_Health (932).jpg,0.006641993258872513,1173.209839182644,4.962779156327543,0
Corn_Health (933).jpg,0.009078019770784923,1447.6238730915943,12.987012987012989,0
Corn_Health (934).jpg,0.0005061609275398997,1407.227890606196,30.303030303030305,0
Corn_Health (935).jpg,0.0,1635.9416691688616,0.0,0
Corn_Health (936).jpg,0.0004205002270701226,736.532613568892,38.46153846153847,0
Corn_Health (937).jpg,0.0007020971336121371,420.8268846464482,21.27659574468085,0
Corn_Health (938).jpg,0.0,988.2158225121673,0.0,0
Corn_Health (939).jpg,0.0002897430944562488,808.0604675080874,157.89473684210526,0
Corn_Health (94).jpg,0.0001734578024473319,550.3763964622963,83.33333333333333,0
Corn_Health (940).jpg,0.0,445.04064932981737,0.0,0
Corn_Health (941).jpg,0.0011259558020334426,876.9002411084666,29.41176470588235,0
Corn_Health (942).jpg,0.0,521.9327738179772,0.0,0
Corn_Health (943).jpg,0.002635985344584625,588.2044990015798,12.5,0
Corn_Health (944).jpg,0.028340511511671187,1480.5284218981406,3.75,0
Corn_Health (945).jpg,0.011905880878528684,498.5441598988557,1.314060446780552,0
Corn_Health (946).jpg,0.0,387.0620257213402,0.0,0
Corn_Health (947).jpg,0.0,538.1714167980207,0.0,0
Corn_Health (948).jpg,0.0,163.88640655097933,0.0,0
Corn_Health (949).jpg,0.0,899.4608372970606,0.0,0
Corn_Health (95).jpg,0.0,716.606771366335,0.0,0
Corn_Health (950).jpg,0.004705086413678578,827.8594698928441,3.257328990228013,0
Corn_Health (951).jpg,1.544163063619518e-05,562.082663227005,500.0,0
Corn_Health (952).jpg,0.0028688274430812427,700.2756393806511,5.291005291005291,0
Corn_Health (953).jpg,0.0,1467.2283563436404,0.0,0
Corn_Health (954).jpg,0.0,619.378172817858,0.0,0
Corn_Health (955).jpg,0.0011805420790478038,2152.9296693665437,27.027027027027028,0
Corn_Health (956).jpg,0.0007145631067961165,666.5745644523564,21.27659574468085,0
Corn_Health (957).jpg,0.0008625110727772857,792.6406694671941,26.31578947368421,0
Corn_Health (958).jpg,0.0,545.2947197505628,0.0,0
Corn_Health (959).jpg,9.001386213476876e-05,1751.0819801714815,166.66666666666666,0
Corn_Health (96).jpg,0.0,633.3960255391778,0.0,0
Corn_Health (960).jpg,0.019603089951194287,576.9994718878115,6.589785831960461,0
Corn_Health (961).jpg,0.0,464.3413765577537,0.0,0
Corn_Health (962).jpg,0.0024164244186046513,411.55184742746275,29.850746268656717,0
Corn_Health (963).jpg,0.0,600.7691362529395,0.0,0
Corn_Health (964).jpg,0.0,1394.3111508669122,0.0,0
Corn_Health (965).jpg,0.0004425724140036016,1044.532692321388,33.333333333333336,0
Corn_Health (966).jpg,0.013513037350246653,2297.7757041621676,11.71875,0
Corn_Health (967).jpg,0.00034380506252954576,869.0085753908838,58.8235294117647,0
Corn_Health (968).jpg,0.0005443658138268917,987.8188069740023,34.48275862068965,0
Corn_Health (969).jpg,0.0,915.2863673006883,0.0,0
Corn_Health (97).jpg,0.0,399.5338070163868,0.0,0
Corn_Health (970).jpg,7.971176226764021e-05,512.8470876974627,166.66666666666666,0
Corn_Health (971).jpg,0.0,448.7473715292501,0.0,0
Corn_Health (972).jpg,0.0,911.0532612843285,0.0,0
Corn_Health (973).jpg,3.05413453462625e-05,374.6194835559991,333.3333333333333,0
Corn_Health (974).jpg,0.0020459952418715307,496.4029277613735,30.76923076923077,0
Corn_Health (975).jpg,1.6523463317911435e-05,948.898478514895,500.0,0
Corn_Health (976).jpg,0.0,668.3643982119781,0.0,0
Corn_Health (977).jpg,0.00018207398824795167,961.4094779831241,166.66666666666666,0
Corn_Health (978).jpg,0.002567916976587681,489.8075594015453,6.8493150684931505,0
Corn_Health (979).jpg,0.0,1223.0475245292077,0.0,0
Corn_Health (98).jpg,3.568306303413085e-05,310.78393434038037,333.3333333333333,0
Corn_Health (980).jpg,0.0,614.1555723720614,0.0,0
Corn_Health (981).jpg,0.0002290530945073068,1000.7808246803787,125.0,0
Corn_Health (982).JPG,0.0,1175.9629398856787,0.0,0
Corn_Health (983).jpg,0.0,861.1249510081736,0.0,0
Corn_Health (984).jpg,0.0,1149.946522953426,0.0,0
Corn_Health (985).jpg,0.0,745.1625059020519,0.0,0
Corn_Health (986).jpg,0.0033091490981403513,550.298086138181,9.345794392523365,0
Corn_Health (987).jpg,0.002132960513344446,1258.157208724822,50.0,0
Corn_Health (988).jpg,0.00011835953681967924,390.7794914464332,142.85714285714286,0
Corn_Health (989).jpg,0.0,2143.8668674095397,0.0,0
Corn_Health (99).jpg,0.0,617.7211775748026,0.0,0
Corn_Health (990).jpg,0.0,483.56948527216434,0.0,0
Corn_Health (991).jpg,3.1432702583768155e-05,469.24957486979685,333.3333333333333,0
Corn_Health (992).jpg,1.5938540985958144e-05,678.2965411263432,500.0,0
Corn_Health (993).jpg,0.0,351.5474418166226,0.0,0
Corn_Health (994).jpg,0.0,1435.7006772382786,0.0,0
Corn_Health (995).jpg,0.0013073409677632885,844.3363454402888,75.0,0
Corn_Health (996).jpg,0.0215729316478692,1668.174727727776,9.640666082383873,0
Corn_Health (997).jpg,0.0,823.4161047544285,0.0,0
Corn_Health (998).jpg,0.0,546.3776066568397,0.0,0
Corn_Health (999).jpg,0.004714475431606906,1778.6963885678165,21.052631578947366,0
Corn_Common_Rust (1).jpg,0.3935804766335075,2482.7722877197125,3.00018182920177,1
Corn_Common_Rust (10).jpg,0.08565094320948553,1443.5836598363724,63.78307591572622,1
Corn_Common_Rust (100).JPG,0.3094246531738242,5695.376957120273,8.143322475570033,1
Corn_Common_Rust (1000).JPG,0.43715555055674277,3138.5891994517824,4.759454592230512,1
Corn_Common_Rust (1001).JPG,0.2672489497543493,4460.777018067478,10.745049285143416,1
Corn_Common_Rust (1002).JPG,0.2262284505931687,3240.3928630693854,15.523522889276096,1
Corn_Common_Rust (1003).JPG,0.24578875483724105,3148.8446548344555,8.218543812941313,1
Corn_Common_Rust (1004).JPG,0.08361510965124143,3717.570660769529,26.855327750505342,1
Corn_Common_Rust (1005).JPG,0.033468419491944255,2583.1672926112765,50.17709563164109,1
Corn_Common_Rust (1006).JPG,0.03628100144967284,3771.063970758464,36.15758229897464,1
Corn_Common_Rust (1007).JPG,0.046451684684851745,3026.91656690714,21.94732641660016,1
Corn_Common_Rust (1008).JPG,0.1244432507441975,3705.195998643118,16.723610861355873,1
Corn_Common_Rust (1009).JPG,0.16890382564247047,3417.5527438631852,11.198475101262806,1
Corn_Common_Rust (101).JPG,0.3268892794376098,3894.3307768398927,6.348298541607092,1
Corn_Common_Rust (1010).JPG,0.16370270084214875,3609.375318774564,9.530483531885073,1
Corn_Common_Rust (1011).JPG,0.22383666604373015,3846.322565240022,10.435145570280707,1
Corn_Common_Rust (1012).JPG,0.6928973495884366,4787.235639804458,0.9388904763848634,1
Corn_Common_Rust (1013).JPG,0.8704540563804605,3953.5952503548497,0.29665521247929594,1
Corn_Common_Rust (1014).JPG,0.8732979150854949,4330.186374315577,0.3067249444061038,1
Corn_Common_Rust (1015).JPG,0.40290634807606085,4193.612407701322,6.7417201204346116,1
Corn_Common_Rust (1016).JPG,0.30728899659784686,4250.049839868086,10.691537761601456,1
Corn_Common_Rust (1017).JPG,0.2340057507413065,3754.64259802087,10.942599347283549,1
Corn_Common_Rust (1018).JPG,0.19912489250847287,3233.293014210357,10.16002032004064,1
Corn_Common_Rust (1019).JPG,0.29817548175481756,3078.9910251564565,8.163616052247143,1
Corn_Common_Rust (102).JPG,0.4363551663095127,3623.281105852475,3.2453668118541295,1
Corn_Common_Rust (1020).JPG,0.47530299565515666,4076.006428793116,3.5480185218594023,1
Corn_Common_Rust (1021).JPG,0.7275647460349327,4194.082722283776,1.0248728763451456,1
Corn_Common_Rust (1022).JPG,0.5220200923160467,2875.445540178706,2.6005096999011807,1
Corn_Common_Rust (1023).JPG,0.8168592546325213,3459.694778057983,0.3823117114820951,1
Corn_Common_Rust (1024).JPG,0.3326271605916012,2966.2783188273843,7.4400333313493245,1
Corn_Common_Rust (1025).JPG,0.45629932768196435,3077.0350067350373,4.057011690599477,1
Corn_Common_Rust (1026).JPG,0.02863712870113553,2537.2408853851803,48.80066170388751,1
Corn_Common_Rust (1027).JPG,0.12304090524809781,2491.6450195843167,19.376431213669193,1
Corn_Common_Rust (1028).JPG,0.2724991971740527,3254.4980791072253,10.752688172043012,1
Corn_Common_Rust (1029).JPG,0.5235879539873336,3487.9678075357538,2.764612954186414,1
Corn_Common_Rust (103).JPG,0.1657183994798077,3213.68324452244,19.756200084068936,1
Corn_Common_Rust (1030).JPG,0.35531937967682464,3412.6061652990115,4.761032777879509,1
Corn_Common_Rust (1031).JPG,0.5622994929111043,3920.0814445604083,2.6685070163331033,1
Corn_Common_Rust (1032).JPG,0.7592455722537024,3980.556652696242,0.7210585138984029,1
Corn_Common_Rust (1033).JPG,0.6168927390858315,3652.193604800984,1.3857453000138573,1
Corn_Common_Rust (1034).JPG,0.6191047707372958,2779.485567188173,1.3217023526301876,1
Corn_Common_Rust (1035).JPG,0.11623467049997754,2565.6938057341913,18.54714064914992,1
Corn_Common_Rust (1036).JPG,0.2896027049873204,2629.0409990243734,8.974826705581904,1
Corn_Common_Rust (1037).JPG,0.44206317844773485,2883.0074455627655,4.521793995478205,1
Corn_Common_Rust (1038).JPG,0.5105430520823686,2670.4137652865184,3.2652074011367755,1
Corn_Common_Rust (1039).JPG,0.121062197092084,2467.7199146717535,19.846564376250832,1
Corn_Common_Rust (104).JPG,0.1019786611125302,2909.7805452859584,21.19052205740705,1
Corn_Common_Rust (1040).JPG,0.10616911350964243,2937.315424303406,21.917148362235064,1
Corn_Common_Rust (1041).JPG,0.16491497906519695,3770.569896509612,13.469176308064238,1
Corn_Common_Rust (1042).JPG,0.11532808852770814,2841.009733345673,13.989507869098176,1
Corn_Common_Rust (1043).JPG,0.3113551272708998,3436.978241026405,7.585539057456423,1
Corn_Common_Rust (1044).JPG,0.4266608029801324,3193.1875839499835,4.062083181763065,1
Corn_Common_Rust (1045).JPG,0.8000340271082629,4240.733908116196,0.7442849548112707,1
Corn_Common_Rust (1046).JPG,0.9154099978413051,4654.871325832969,0.20212228398180898,1
Corn_Common_Rust (1047).JPG,0.06571703826039087,3242.2685707239643,21.632937892533146,1
Corn_Common_Rust (1048).JPG,0.12401154210445164,3431.4067417869114,17.22606996980998,1
Corn_Common_Rust (1049).JPG,0.12293746715712034,2753.440715836784,22.435897435897434,1
Corn_Common_Rust (105).JPG,0.16613010557364077,3009.8723748683406,13.206321714656854,1
Corn_Common_Rust (1050).JPG,0.12721556886227545,2512.8541784386425,20.941176470588236,1
Corn_Common_Rust (1051).JPG,0.08262205530897918,3171.6987765643294,20.914020139426803,1
Corn_Common_Rust (1052).JPG,0.0329447140746993,4819.563607393473,43.2,1
Corn_Common_Rust (1053).JPG,0.05372448878595324,4047.0945432741855,33.88581952117864,1
Corn_Common_Rust (1054).JPG,0.13733666206310421,3850.929289617365,21.848414539829854,1
Corn_Common_Rust (1055).JPG,0.4454345283148696,2687.31610378063,3.166634485421896,1
Corn_Common_Rust (1056).JPG,0.08433084542083275,3279.162427435008,21.42459654980523,1
Corn_Common_Rust (1057).JPG,0.3999784552407627,3735.7248833851927,3.433649767723692,1
Corn_Common_Rust (1058).JPG,0.6939776108828114,3880.8324331800495,0.8983992159425024,1
Corn_Common_Rust (1059).JPG,0.07043871066533956,4505.463524287692,32.04780010863661,1
Corn_Common_Rust (106).JPG,0.15303714439675195,2844.201834340739,14.325603982032293,1
Corn_Common_Rust (1060).JPG,0.11855697131770751,4794.153429241763,20.34048198098607,1
Corn_Common_Rust (1061).JPG,0.2704794184906893,3384.9748217413035,8.529589371980675,1
Corn_Common_Rust (1062).JPG,0.5272544927221966,3987.141688391808,2.3646738292294245,1
Corn_Common_Rust (1063).JPG,0.5861970463050247,4138.744219255797,2.2414969301237697,1
Corn_Common_Rust (1064).JPG,0.453299683947356,3475.3358919086368,3.5900104058272633,1
Corn_Common_Rust (1065).JPG,0.4236156305707252,3950.822698235553,4.007480630510286,1
Corn_Common_Rust (1066).JPG,0.170064256016127,3118.8317497426724,12.74074074074074,1
Corn_Common_Rust (1067).JPG,0.8533312324378266,4559.1544673389535,0.24619172180335439,1
Corn_Common_Rust (1068).JPG,0.16097560975609757,4686.317297351839,14.18859000886787,1
Corn_Common_Rust (1069).JPG,0.12628911544581295,4147.691264700492,16.328434802892467,1
Corn_Common_Rust (107).JPG,0.04304107373161081,3344.2708210111646,29.949238578680205,1
Corn_Common_Rust (1070).JPG,0.3166003338040827,4779.491178717376,9.32589964521034,1
Corn_Common_Rust (1071).JPG,0.6241279564403607,4769.669429238402,1.3630477748245076,1
Corn_Common_Rust (1072).JPG,0.06183849721944594,3169.890504087378,19.055509527754765,1
Corn_Common_Rust (1073).JPG,0.13860748933330155,3639.6553683542634,13.239339752407153,1
Corn_Common_Rust (1074).JPG,0.2878970378301213,3152.6742977581534,8.521846916640843,1
Corn_Common_Rust (1075).JPG,0.237103620474407,3634.4696143268357,15.794461408865958,1
Corn_Common_Rust (1076).JPG,0.19133404952758726,3177.868840982371,9.500503814596229,1
Corn_Common_Rust (1077).JPG,0.5042001003009027,3237.4151015082125,3.8540436377198977,1
Corn_Common_Rust (1078).JPG,0.1512397739731804,4707.2800747503325,13.381655979927517,1
Corn_Common_Rust (1079).JPG,0.20808192028187625,4413.655131364094,12.592592592592593,1
Corn_Common_Rust (108).JPG,0.40006059228963115,4882.934937893571,5.237584400832965,1
Corn_Common_Rust (1080).JPG,0.27883668242710796,3908.788348106249,8.477569763334511,1
Corn_Common_Rust (1081).JPG,0.1373350638113779,3862.4860439327995,13.228346456692913,1
Corn_Common_Rust (1082).JPG,0.15997251546005373,3136.667183629944,15.356585111920875,1
Corn_Common_Rust (1083).JPG,0.2870182313445318,4663.964281504028,10.488637309581286,1
Corn_Common_Rust (1084).JPG,0.3021451753344415,4834.295013914699,10.08579474752767,1
Corn_Common_Rust (1085).JPG,0.3039966231124926,5044.506646847604,8.772483433259703,1
Corn_Common_Rust (1086).JPG,0.245819539937187,4279.305332178947,9.495036685369012,1
Corn_Common_Rust (1087).JPG,0.08300887087062979,3285.845603290622,15.95358955765047,1
Corn_Common_Rust (1088).JPG,0.14600758816935414,3524.2261703146014,15.057573073516387,1
Corn_Common_Rust (1089).JPG,0.248537580494519,3535.4297955201437,10.877088895481064,1
Corn_Common_Rust (109).JPG,0.3960159837776585,3565.9633146746837,4.065958888637903,1
Corn_Common_Rust (1090).JPG,0.2365871722707747,3759.1546958450886,12.895955928383625,1
Corn_Common_Rust (1091).JPG,0.10268260292164674,3344.736199194951,26.894233255753814,1
Corn_Common_Rust (1092).JPG,0.08909118693649443,3744.365570260006,20.088192062714356,1
Corn_Common_Rust (1093).JPG,0.2050130939019828,3977.6943353699417,12.772427774961987,1
Corn_Common_Rust (1094).JPG,0.2295160670848803,4345.044245847887,11.572783045175685,1
Corn_Common_Rust (1095).JPG,0.4931626182613804,5790.261705119587,2.464673020046007,1
Corn_Common_Rust (1096).JPG,0.10955651853217777,4779.977100145311,13.672696676482962,1
Corn_Common_Rust (1097).JPG,0.48858670653173875,5238.172735337719,3.2948929159802307,1
Corn_Common_Rust (1098).JPG,0.3317127898279731,3861.037699851578,6.243496357960457,1
Corn_Common_Rust (1099).JPG,0.14635395080088745,4424.591271619472,20.986009327115255,1
Corn_Common_Rust (11).jpg,0.6300536799869461,4288.703980951749,4.787866311616386,1
Corn_Common_Rust (110).JPG,0.21030252535409544,3418.2600541440106,11.473842371260757,1
Corn_Common_Rust (1100).JPG,0.1436219268056774,4256.723726796529,22.705919198246164,1
Corn_Common_Rust (1101).JPG,0.09950581694636054,5686.38530569397,18.619084561675717,1
Corn_Common_Rust (1102).JPG,0.14580546112512338,5307.626094754741,18.79981952173259,1
Corn_Common_Rust (1103).JPG,0.2512896299807601,4676.912269135136,11.316986574947299,1
Corn_Common_Rust (1104).JPG,0.07185333176636502,2987.537815458538,22.563767168083714,1
Corn_Common_Rust (1105).JPG,0.1499247149924715,3564.413829031926,13.771338401950938,1
Corn_Common_Rust (1106).JPG,0.29872714891833846,4342.677750995655,9.02954326290874,1
Corn_Common_Rust (1107).JPG,0.008250134513062713,2783.713854073451,40.96385542168675,1
Corn_Common_Rust (1108).JPG,0.0032759388840841786,3716.1563160910114,111.1111111111111,1
Corn_Common_Rust (1109).JPG,0.032118446144286605,4256.451135097665,44.0,1
Corn_Common_Rust (111).JPG,0.39326520066601595,4068.192834542581,4.963503649635037,1
Corn_Common_Rust (1110).JPG,0.11830156670990918,3948.1687546175563,16.86696183849884,1
Corn_Common_Rust (1111).JPG,0.17348487522501854,3561.039718865598,10.984540276647682,1
Corn_Common_Rust (1112).JPG,0.3047142261159783,3042.628676846581,3.422547744541036,1
Corn_Common_Rust (1113).JPG,0.4880786782829392,3803.3733645865636,2.2498875056247187,1
Corn_Common_Rust (1114).JPG,0.845145001227338,4097.561340173403,0.29043232926728074,1
Corn_Common_Rust (1115).JPG,0.46064891846921796,4428.748528343908,3.9730315434625574,1
Corn_Common_Rust (1116).JPG,0.4118565903005058,3995.5176654208644,3.9730315434625574,1
Corn_Common_Rust (1117).JPG,0.03581409791947003,3378.78170081853,48.12319538017324,1
Corn_Common_Rust (1118).JPG,0.04146135748213255,4193.107454612372,44.4087747458534,1
Corn_Common_Rust (1119).JPG,0.037140692731787384,3809.0581434343767,51.52887882219705,1
Corn_Common_Rust (112).JPG,0.3456071796633459,3731.815066707931,7.330103118399801,1
Corn_Common_Rust (1120).JPG,0.3039585588371733,1506.8765826010706,4.883507986570353,1
Corn_Common_Rust (1121).JPG,0.10408298480268334,3846.9180011308267,22.275258552108195,1
Corn_Common_Rust (1122).JPG,0.0382705609401765,3288.6389737212585,34.54133635334088,1
Corn_Common_Rust (1123).JPG,0.29456840869054607,5070.568798204921,5.979669124975085,1
Corn_Common_Rust (1124).JPG,0.37589321159190153,4517.758159967831,7.194244604316547,1
Corn_Common_Rust (1125).JPG,0.3139224072094089,2470.3589587569422,8.514261387824606,1
Corn_Common_Rust (1126).JPG,0.9203088415653919,3656.801587697875,0.1817190623296384,1
Corn_Common_Rust (1127).JPG,0.9950074777865752,3679.509055565747,0.04420671057866584,1
Corn_Common_Rust (1128).JPG,0.11189019841861853,3306.0557639434273,28.525726472940548,1
Corn_Common_Rust (1129).JPG,0.0719658563040864,3414.811468512049,37.3403209957419,1
Corn_Common_Rust (113).JPG,0.2821252222002765,3440.7132499614586,7.700385019250962,1
Corn_Common_Rust (1130).JPG,0.025967561289252084,3069.3867598026263,44.6927374301676,1
Corn_Common_Rust (1131).JPG,0.02463998694570228,2218.7823698164825,26.468155500413566,1
Corn_Common_Rust (1132).JPG,0.007991690949482128,3818.1455039384828,75.53956834532374,1
Corn_Common_Rust (1133).JPG,0.07708116325553897,4027.752271910538,29.207740051113547,1
Corn_Common_Rust (1134).JPG,0.10263355039474442,4094.0226057428945,28.90822340724109,1
Corn_Common_Rust (1135).JPG,0.04255491775014705,2384.701179264016,20.96236303001429,1
Corn_Common_Rust (1136).JPG,0.054734159743052055,3515.2805777551835,21.328162869607368,1
Corn_Common_Rust (1137).JPG,0.2121053183677751,3677.1546950577676,8.777351959451106,1
Corn_Common_Rust (1138).JPG,0.5136044880785414,3487.6225535108915,3.185727938834024,1
Corn_Common_Rust (1139).JPG,0.7786503394116864,3344.6802800726546,0.6837373081262179,1
Corn_Common_Rust (114).JPG,0.120935516728042,4119.886448198313,22.344559585492227,1
Corn_Common_Rust (1140).JPG,0.04604976552289675,4528.142755102533,32.25806451612903,1
Corn_Common_Rust (1141).JPG,0.07421106476745101,4264.116874830615,34.98233215547703,1
Corn_Common_Rust (1142).JPG,0.10001995078805613,4368.61877121685,28.58409040549524,1
Corn_Common_Rust (1143).JPG,0.10298472107070947,3934.6162022606027,34.205231388329985,1
Corn_Common_Rust (1144).JPG,0.559522523495733,4458.3900799089115,2.654568270669434,1
Corn_Common_Rust (1145).JPG,0.31769403016604,3409.3744844806506,6.183510638297872,1
Corn_Common_Rust (1146).JPG,0.1565039767047677,3457.8909112196493,14.2995973899764,1
Corn_Common_Rust (1147).JPG,0.07274117618945206,2887.286906152452,26.929392446633827,1
Corn_Common_Rust (1148).JPG,0.22531387852052936,5215.923214120261,17.015509712392713,1
Corn_Common_Rust (1149).JPG,0.09042958129418162,1874.9083725378964,16.230838593327324,1
Corn_Common_Rust (115).JPG,0.09524760383386581,4291.233841718064,22.356776897997207,1
Corn_Common_Rust (1150).JPG,0.05436154309123032,1900.2229908441172,18.20778293466619,1
Corn_Common_Rust (1151).JPG,0.10557699052963872,3585.1521918790186,20.114412253183243,1
Corn_Common_Rust (1152).JPG,0.24474340279411072,3138.184755972454,11.146343807052945,1
Corn_Common_Rust (1153).JPG,0.3625496699615776,3387.115184172686,8.242007064577484,1
Corn_Common_Rust (1154).JPG,0.568674055281079,4670.064386344973,2.3949283869452924,1
Corn_Common_Rust (1155).JPG,0.22927768257470832,3244.7923706102824,12.387387387387388,1
Corn_Common_Rust (1156).JPG,0.11781019856437028,3799.581303037744,21.95411392405063,1
Corn_Common_Rust (1157).JPG,0.06303091691797694,3176.72763528233,31.033223804308143,1
Corn_Common_Rust (1158).JPG,0.13032197434011605,4051.567964266144,19.435736677115987,1
Corn_Common_Rust (1159).JPG,0.19803281881482201,3786.7661052382737,12.661339889366934,1
Corn_Common_Rust (116).JPG,0.08869029275808937,5396.671106985403,21.537748957850855,1
Corn_Common_Rust (1160).JPG,0.17783324779545562,4249.7030898140965,12.19832109129066,1
Corn_Common_Rust (1161).JPG,0.3491654879773692,4115.007557289852,8.020090732339597,1
Corn_Common_Rust (1162).JPG,0.31644299510849117,4226.387488195458,8.956880152187699,1
Corn_Common_Rust (1163).JPG,0.11939898554885635,3763.4761208253067,19.714697868248116,1
Corn_Common_Rust (1164).JPG,0.2795439984092968,2382.1622659034065,9.562193772720088,1
Corn_Common_Rust (1165).JPG,0.3565751196829833,2659.429631201699,5.652620760534429,1
Corn_Common_Rust (1166).JPG,0.05637611816101518,4590.0981592747485,33.935817041682036,1
Corn_Common_Rust (1167).JPG,0.09917675294846319,3651.630370029233,19.51092611862643,1
Corn_Common_Rust (1168).JPG,0.1532924107142857,3238.1613675908666,13.102820746132847,1
Corn_Common_Rust (1169).JPG,0.3282211844618977,3319.688817549447,5.1733893783849325,1
Corn_Common_Rust (117).JPG,0.04468896850137254,3580.4297949049683,29.656607700312176,1
Corn_Common_Rust (1170).JPG,0.6878336298932385,3779.0039464113283,1.1317246675558787,1
Corn_Common_Rust (1171).JPG,0.2737858059945987,2762.5454138594096,5.821004123211254,1
Corn_Common_Rust (1172).JPG,0.5766910065247183,3744.1315852769476,1.9151652716697405,1
Corn_Common_Rust (1173).JPG,0.7761629407816614,4460.1658954223485,0.33257948649727287,1
Corn_Common_Rust (1174).JPG,0.5860119047619048,3938.09239368374,1.904439459985611,1
Corn_Common_Rust (1175).JPG,0.2885289932051873,4080.8752250089615,8.544040011114198,1
Corn_Common_Rust (1176).JPG,0.08088060892252626,3028.739540550017,21.588486140724946,1
Corn_Common_Rust (1177).JPG,0.276526360287457,3834.4783247859946,7.642755759362376,1
Corn_Common_Rust (1178).JPG,0.4275473028557997,3596.942793511052,4.672640316640097,1
Corn_Common_Rust (1179).JPG,0.3125,4035.197396206575,7.9723225030084235,1
Corn_Common_Rust (118).JPG,0.04854188210961737,2595.9515366690975,20.868824531516182,1
Corn_Common_Rust (1180).JPG,0.43585153693396356,4255.6483047229995,4.363449691991786,1
Corn_Common_Rust (1181).JPG,0.6063284579062536,4921.391038877389,2.1842355175688506,1
Corn_Common_Rust (1182).JPG,0.03712145091288219,3694.078737250075,33.942558746736296,1
Corn_Common_Rust (1183).JPG,0.23415947804002277,3394.464876183992,8.975317875841435,1
Corn_Common_Rust (1184).JPG,0.37382369222252976,3165.5436876921112,5.645012030353508,1
Corn_Common_Rust (1185).JPG,0.36763448690751355,3440.6520384190117,5.080950740613159,1
Corn_Common_Rust (1186).JPG,0.26129587637524143,3702.333641604111,10.123734533183352,1
Corn_Common_Rust (1187).JPG,0.2594158814946707,3810.728164154274,12.963492517395862,1
Corn_Common_Rust (1188).JPG,0.31294627468360664,3778.259841010018,9.519313980017309,1
Corn_Common_Rust (1189).JPG,0.30962495764810133,4494.240039070702,10.689335914485314,1
Corn_Common_Rust (119).JPG,0.05908038950264181,3343.4376378069064,30.661248614702625,1
Corn_Common_Rust (1190).JPG,0.27388366821452936,5054.11686988488,6.668809255985859,1
Corn_Common_Rust (1191).JPG,0.3239185002600574,4710.104026116545,6.4223385689354275,1
Corn_Common_Rust (1192).JPG,0.33663700867214774,3538.23495052978,9.19963201471941,1
Corn_Common_Rust (1193).JPG,0.2850410290530051,4845.101184330528,11.378002528445007,1
Corn_Common_Rust (1194).JPG,0.4306711428329619,4164.310617834639,3.6680421824850984,1
Corn_Common_Rust (1195).JPG,0.7731111111111111,4348.923500204335,0.4106101667077277,1
Corn_Common_Rust (1196).JPG,0.9264227112905327,4771.691181427144,0.28112590926661274,1
Corn_Common_Rust (1197).JPG,0.25763826221477376,3875.1575761698496,8.755472170106316,1
Corn_Common_Rust (1198).JPG,0.3325485284909205,4666.142435569997,9.41406838379274,1
Corn_Common_Rust (1199).JPG,0.28747036388001235,4874.441776362547,10.756543564001435,1
Corn_Common_Rust (12).jpg,0.7360185744728222,1459.067582811916,0.4787997165229115,1
Corn_Common_Rust (120).JPG,0.3783261961929751,5531.390994152586,7.262021589793916,1
Corn_Common_Rust (1200).JPG,0.05707578176354587,3597.82160619776,23.68421052631579,1
Corn_Common_Rust (1201).JPG,0.05535593506932702,2630.7008913393474,32.44274809160305,1
Corn_Common_Rust (1202).JPG,0.05994644129425349,3272.957062059719,20.893076607947563,1
Corn_Common_Rust (1203).JPG,0.21809560355224208,6123.097572262202,11.560693641618496,1
Corn_Common_Rust (1204).JPG,0.2454642741594286,4668.8512627592545,10.847526358475264,1
Corn_Common_Rust (1205).JPG,0.2723028628155939,4449.5815245045305,8.374384236453201,1
Corn_Common_Rust (1206).JPG,0.018923400022106775,2931.08713285551,54.842473745624275,1
Corn_Common_Rust (1207).JPG,0.1719992967960269,3459.6116068887136,10.730710270822689,1
Corn_Common_Rust (1208).JPG,0.34914888857253257,3834.9954599442576,4.543071815481391,1
Corn_Common_Rust (1209).JPG,0.6398557581647528,3889.6131649000063,1.3589128697042367,1
Corn_Common_Rust (121).JPG,0.3974093372674577,5707.902888176008,5.370682392586352,1
Corn_Common_Rust (1210).JPG,0.20186783565224495,3101.428476726143,12.27242076871207,1
Corn_Common_Rust (1211).JPG,0.2993909753621851,3428.5169525461215,9.168657061406888,1
Corn_Common_Rust (1212).JPG,0.3275548211835214,3324.6295076299616,8.207232623749679,1
Corn_Common_Rust (1213).JPG,0.06118262689691261,3292.2272317311754,27.359781121751027,1
Corn_Common_Rust (1214).JPG,0.08636546531011094,3327.76908209097,24.617431803060548,1
Corn_Common_Rust (1215).JPG,0.13639092728485658,3697.780541053405,19.559902200489,1
Corn_Common_Rust (1216).JPG,0.2734677495514213,3855.5641294422676,8.1146408839779,1
Corn_Common_Rust (1217).JPG,0.46891116084460444,2471.933906505224,4.409399802873891,1
Corn_Common_Rust (1218).JPG,0.18242945767460475,4885.4578217090275,8.774816277284195,1
Corn_Common_Rust (1219).JPG,0.12771929824561404,3728.4427834770936,14.248927038626608,1
Corn_Common_Rust (122).JPG,0.1776052693483886,3843.2349112007482,11.613691931540343,1
Corn_Common_Rust (1220).JPG,0.20057260280298309,2980.224695888811,10.359116022099448,1
Corn_Common_Rust (1221).JPG,0.28308794269797055,3776.6368867886786,10.682158920539731,1
Corn_Common_Rust (1222).JPG,0.4543171420227782,3415.259876450422,3.256631100827013,1
Corn_Common_Rust (1223).JPG,0.502304675854794,3731.5150880432307,2.8304040173476377,1
Corn_Common_Rust (1224).JPG,0.6331482022800351,3988.896074742556,1.292645768893403,1
Corn_Common_Rust (1225).JPG,0.751450643776824,4035.197264073009,0.8680952163384658,1
Corn_Common_Rust (1226).JPG,0.15444179513208528,4431.479638997096,12.990982729634725,1
Corn_Common_Rust (1227).JPG,0.16482549613842995,3132.799184078554,13.046701260192734,1
Corn_Common_Rust (1228).JPG,0.18188534278959811,2928.7011440602346,13.80710659898477,1
Corn_Common_Rust (1229).JPG,0.4010756409915067,3628.72396782876,2.987056090275473,1
Corn_Common_Rust (123).JPG,0.17948047875398526,4421.915114644331,22.12840296986461,1
Corn_Common_Rust (1230).JPG,0.669858417219085,4801.668255482482,0.9773578758755497,1
Corn_Common_Rust (1231).JPG,0.04037357517264332,4487.08679385635,29.866117404737384,1
Corn_Common_Rust (1232).JPG,0.055943157984847836,4347.482494230906,32.504780114722756,1
Corn_Common_Rust (1233).JPG,0.10924769998245218,3542.3521549429242,29.364533149805,1
Corn_Common_Rust (1234).JPG,0.14197184678369132,3699.36036437523,19.352290679304897,1
Corn_Common_Rust (1235).JPG,0.5464303544682976,4997.2068897300505,3.6544513247386052,1
Corn_Common_Rust (1236).JPG,0.4488112451703131,3730.412596388175,5.175600739371534,1
Corn_Common_Rust (1237).JPG,0.35841783657110315,3943.214419872646,5.9880239520958085,1
Corn_Common_Rust (1238).JPG,0.38601113427569933,5013.673356390671,6.053412462908011,1
Corn_Common_Rust (1239).JPG,0.43355412478577054,3214.30656623505,4.540355750227018,1
Corn_Common_Rust (124).JPG,0.17589888206264478,4708.028386240828,17.604121940747103,1
Corn_Common_Rust (1240).JPG,0.4921234214295014,3141.7003713139356,2.909924606498832,1
Corn_Common_Rust (1241).JPG,0.45902356979932263,3738.130525531515,4.065448705079302,1
Corn_Common_Rust (1242).JPG,0.44055536825328717,4397.749803636843,6.330434782608696,1
Corn_Common_Rust (1243).JPG,0.19863247177718513,3213.857300147038,4.845059049157162,1
Corn_Common_Rust (1244).JPG,0.4896056180820389,4142.2758711114775,1.9471884498480243,1
Corn_Common_Rust (1245).JPG,0.7026054987212276,4466.2224242247175,0.9479032380374611,1
Corn_Common_Rust (1246).JPG,0.7875778488469954,4097.505587176469,0.5699020480854853,1
Corn_Common_Rust (1247).JPG,0.022799183178870364,2171.6599679898623,23.59882005899705,1
Corn_Common_Rust (1248).JPG,0.01993868513682298,2559.349376282181,68.25938566552901,1
Corn_Common_Rust (1249).JPG,0.04505670142324378,2732.1671630985766,31.513787281935844,1
Corn_Common_Rust (125).JPG,0.23335610551601033,4418.033630241837,12.370160528800755,1
Corn_Common_Rust (1250).JPG,0.5208368483212418,4243.917674492248,2.8343523504879133,1
Corn_Common_Rust (1251).JPG,0.671483014191859,4213.02471238739,1.4275268966957975,1
Corn_Common_Rust (1252).JPG,0.7337456171834019,3775.4197221806785,1.0158777936639327,1
Corn_Common_Rust (1253).JPG,0.411544605150872,3317.807817495127,2.97729810197246,1
Corn_Common_Rust (1254).JPG,0.5589771842170254,3132.431396762203,2.0050977060322857,1
Corn_Common_Rust (1255).JPG,0.561053491423055,3446.269868678081,2.3382009088101645,1
Corn_Common_Rust (1256).JPG,0.5495204309551964,4139.137520555364,2.1995887725338306,1
Corn_Common_Rust (1257).JPG,0.06330712413628782,2910.9058762272343,20.69224981188864,1
Corn_Common_Rust (1258).JPG,0.4966584593739008,4690.989732139173,2.5376217173207434,1
Corn_Common_Rust (1259).JPG,0.729187471629596,4718.697352312168,0.7054820102087397,1
Corn_Common_Rust (126).JPG,0.43336331411036455,4540.272320023816,5.127266068485625,1
Corn_Common_Rust (1260).JPG,0.3329489713741855,4318.9797979840005,6.101583113456464,1
Corn_Common_Rust (1261).JPG,0.4492525275261193,4908.8736261719405,3.6322645290581166,1
Corn_Common_Rust (1262).JPG,0.41363584539961235,3183.514644839908,3.7668243832973496,1
Corn_Common_Rust (1263).JPG,0.1547585795951809,2867.772075950824,9.624639076034649,1
Corn_Common_Rust (1264).jpg,0.06276829403484308,1866.6029953928044,2.692114515318935,1
Corn_Common_Rust (1265).jpg,0.6807311603689526,634.0908116746526,0.0502726606302912,1
Corn_Common_Rust (1266).jpg,0.24014794889038332,3218.7800695226006,4.340318290007934,1
Corn_Common_Rust (1267).jpg,0.02137339025113069,177.2962906491623,4.856980819288322,1
Corn_Common_Rust (1268).jpg,0.008171434280195811,918.5063259284559,2.1028265901607277,1
Corn_Common_Rust (1269).jpg,0.03767576797755746,1494.8546477749044,16.474940748020117,1
Corn_Common_Rust (127).JPG,0.39765468818567457,5075.262148802374,5.149583128984796,1
Corn_Common_Rust (1270).jpg,0.08538732031053312,1316.4254314396528,7.8423316738363384,1
Corn_Common_Rust (1271).jpg,0.38067369110662225,1363.5124070292532,7.658109852287394,1
Corn_Common_Rust (1272).jpg,0.09925751390449053,1302.5230638433547,15.40160088324593,1
Corn_Common_Rust (1273).jpg,0.5985754483497531,2810.877393957324,0.5844722170218402,1
Corn_Common_Rust (1274).jpg,0.1345877421274925,2333.901535046937,3.952011291460833,1
Corn_Common_Rust (1275).jpg,0.03627349135895741,2699.497426723382,16.65799062988027,1
Corn_Common_Rust (1276).jpg,0.15258186210187283,2169.398036057018,5.423629434183525,1
Corn_Common_Rust (1277).jpg,0.008804532371377419,1130.597009028581,10.189460277025951,1
Corn_Common_Rust (1278).jpg,0.8393333460481109,2186.2426070391207,0.441473873511243,1
Corn_Common_Rust (1279).jpg,0.34465863122265333,1448.241213237739,0.9700831157632518,1
Corn_Common_Rust (128).JPG,0.1718696536038484,5141.407266740502,19.437939110070257,1
Corn_Common_Rust (1280).jpg,0.19894209871268553,690.5046786787806,4.346540508574807,1
Corn_Common_Rust (1281).jpg,0.31015572053730867,1069.6033272132418,2.209773127605573,1
Corn_Common_Rust (1282).jpg,0.17467532142302625,468.25043587413893,4.31528845051038,1
Corn_Common_Rust (1283).jpg,0.48061355956924423,1157.3942249111606,4.83018486204891,1
Corn_Common_Rust (1284).jpg,0.6886919646458245,2132.2686034202025,0.6525558437212415,1
Corn_Common_Rust (1285).jpg,0.2798132793323133,1089.1499993578107,2.44202281817221,1
Corn_Common_Rust (1286).jpg,0.07353712061291273,2602.7054655322845,6.073642920409971,1
Corn_Common_Rust (1287).jpg,0.0279000706302338,1763.6048435736627,11.403154063890012,1
Corn_Common_Rust (1288).jpg,0.34767698718011464,1128.1333100863903,5.9420335889853995,1
Corn_Common_Rust (1289).jpg,0.020936846794366585,2892.740656243812,59.564719358533786,1
Corn_Common_Rust (129).JPG,0.10807780815451488,2924.196410765016,19.104803493449783,1
Corn_Common_Rust (1290).jpg,0.22275106069888748,1383.804075690301,3.4636986389399413,1
Corn_Common_Rust (1291).jpg,0.1753813863729205,978.5735681930792,1.908606695975651,1
Corn_Common_Rust (1292).jpg,0.34637041033075966,1018.9555566840303,2.8226591395756278,1
Corn_Common_Rust (1293).jpg,0.11341745854722435,3031.8715983389934,3.996736580456942,1
Corn_Common_Rust (1294).jpg,0.7416589352448866,1500.102603145892,0.7196499108941146,1
Corn_Common_Rust (1295).jpg,0.024575357477420155,1939.8569476774371,13.37552135768733,1
Corn_Common_Rust (1296).jpg,0.21877212393945092,454.6592136526031,0.5833574714889088,1
Corn_Common_Rust (1297).jpg,0.1527995266024467,1215.2522175190984,1.3698991016623199,1
Corn_Common_Rust (1298).jpg,0.24131342402164435,1482.8176363005,1.828296625120938,1
Corn_Common_Rust (1299).jpg,0.2161289653957364,1611.3685383106726,1.3665787580915847,1
Corn_Common_Rust (13).jpg,0.22966391517532173,2620.409599045395,10.937883109970876,1
Corn_Common_Rust (130).JPG,0.16284519999300417,2329.685529893582,13.745704467353951,1
Corn_Common_Rust (1300).jpg,0.3021050575567219,2356.3099807976305,4.713341258420405,1
Corn_Common_Rust (1301).jpg,0.8137817092899184,2397.972102673117,0.9770375038595097,1
Corn_Common_Rust (1302).jpg,0.5533311962939601,2548.311613824034,1.8874535728468314,1
Corn_Common_Rust (1303).jpg,0.42762866055437604,1685.0723759951395,4.54873245687025,1
Corn_Common_Rust (1304).jpg,0.13033463317312052,702.9878683857102,2.454236087391046,1
Corn_Common_Rust (1305).jpg,0.13865395401009534,2533.996100363458,10.516097718815725,1
Corn_Common_Rust (1306).jpg,0.5085146730252905,2267.258796113457,2.1599268947820227,1
Corn_Common_Rust (131).JPG,0.2106703146374829,3214.790004753215,12.058352306265284,1
Corn_Common_Rust (132).JPG,0.06422192665779973,2381.9599742359856,18.041999408459038,1
Corn_Common_Rust (133).JPG,0.09636093575937615,2960.2543535927152,28.172405490007222,1
Corn_Common_Rust (134).JPG,0.09520711342441987,3961.210472551496,18.633540372670808,1
Corn_Common_Rust (135).JPG,0.1412583308882089,3384.28593675579,12.16436730455422,1
Corn_Common_Rust (136).JPG,0.06330877961377662,2571.852400863946,20.291511860531582,1
Corn_Common_Rust (137).JPG,0.2748381708081019,3511.2337299558603,9.344374382739497,1
Corn_Common_Rust (138).JPG,0.04926639385168181,4081.7091374764123,18.226002430133654,1
Corn_Common_Rust (139).JPG,0.04953191106310199,3779.7562267129447,28.61035422343324,1
Corn_Common_Rust (14).jpg,0.24000701190243048,1702.0313384126057,3.49213413903487,1
Corn_Common_Rust (140).JPG,0.017239702378057678,5482.30625084199,50.70422535211268,1
Corn_Common_Rust (141).JPG,0.019525567863936444,3583.943259278274,36.25954198473282,1
Corn_Common_Rust (142).JPG,0.5620141811701361,3857.814101942721,2.327542587282847,1
Corn_Common_Rust (143).JPG,0.5193770466441482,4448.809665367493,2.9289118347895156,1
Corn_Common_Rust (144).JPG,0.35610150641997773,2910.7269300108646,4.939813763343175,1
Corn_Common_Rust (145).JPG,0.47473894348894347,3212.6752925450437,3.0323858812113373,1
Corn_Common_Rust (146).JPG,0.042791323090308676,3013.8361451067185,48.03695150115474,1
Corn_Common_Rust (147).JPG,0.4534693178760975,4517.85661734577,4.961708553554094,1
Corn_Common_Rust (148).JPG,0.08455943962194591,5091.258145037821,40.80824088748019,1
Corn_Common_Rust (149).JPG,0.024074334788117695,3726.6958050835256,33.106134371957154,1
Corn_Common_Rust (15).jpg,0.2396497867440013,2548.3037340051287,13.33123265424842,1
Corn_Common_Rust (150).JPG,0.09383781391746875,3059.0852428678736,22.159358793022157,1
Corn_Common_Rust (151).JPG,0.13298973339956946,3290.0891063841664,20.385932150638034,1
Corn_Common_Rust (152).JPG,0.43766184848627526,4328.772891885852,5.002151462994837,1
Corn_Common_Rust (153).JPG,0.25302874196184316,2831.080044096634,7.932607932607933,1
Corn_Common_Rust (154).JPG,0.4082492068070378,4631.047856702566,4.662773172569707,1
Corn_Common_Rust (155).JPG,0.3182776272207167,4062.254531552762,8.851949456044327,1
Corn_Common_Rust (156).JPG,0.6267470914343718,3815.5884335080186,1.4326647564469914,1
Corn_Common_Rust (157).JPG,0.39221787945928455,4588.348494486605,5.267834475755268,1
Corn_Common_Rust (158).JPG,0.2943136383829409,4401.434625375072,6.2258277520988585,1
Corn_Common_Rust (159).JPG,0.23319884726224785,4276.209794221366,9.885330170027679,1
Corn_Common_Rust (16).jpg,0.2649927847601235,964.25890874572,4.056301464324829,1
Corn_Common_Rust (160).JPG,0.13855768124832266,3236.9584410890347,13.971503665790566,1
Corn_Common_Rust (161).JPG,0.2359000626031529,3103.7359130791683,10.935992280476036,1
Corn_Common_Rust (162).JPG,0.4123716632443532,4292.528650133526,5.103628555424161,1
Corn_Common_Rust (163).JPG,0.45570604123350755,3781.3181564643487,3.7095467530806294,1
Corn_Common_Rust (164).JPG,0.21833336406719653,3909.2783061966993,8.783041972806352,1
Corn_Common_Rust (165).JPG,0.023958310331883323,3203.3617057654174,11.970534069981584,1
Corn_Common_Rust (166).JPG,0.013212911858170263,3737.0502854297247,50.526315789473685,1
Corn_Common_Rust (167).JPG,0.36100583528845576,3411.248424974262,5.387691624083536,1
Corn_Common_Rust (168).JPG,0.19826656987615213,4509.014312195747,10.87197692478367,1
Corn_Common_Rust (169).JPG,0.04120312267341686,3066.86495198672,34.57172342621259,1
Corn_Common_Rust (17).jpg,0.13505629067893515,225.74606056957467,1.2761378699799162,1
Corn_Common_Rust (170).JPG,0.4513660229598647,5261.261252108721,2.03719524216337,1
Corn_Common_Rust (171).JPG,0.6136871815549283,5533.087837992411,1.3139819626112406,1
Corn_Common_Rust (172).JPG,0.4695610965296005,3045.9248036786507,2.057213833792648,1
Corn_Common_Rust (173).JPG,0.32081363190293516,4673.588783054262,8.342022940563087,1
Corn_Common_Rust (174).JPG,0.3302899775355001,4037.165825343738,5.7403132214388215,1
Corn_Common_Rust (175).JPG,0.5708047548684472,5204.94479766833,2.4340300583394505,1
Corn_Common_Rust (176).JPG,0.2590716269417402,4749.241302048658,10.71849234393404,1
Corn_Common_Rust (177).JPG,0.12035250410390808,4026.86376544461,19.85645933014354,1
Corn_Common_Rust (178).JPG,0.4041256997694877,5023.074128260743,4.597834943545571,1
Corn_Common_Rust (179).JPG,0.45603310011389786,4915.843683132132,3.9245667686034658,1
Corn_Common_Rust (18).jpg,0.17965716211093796,634.9245689326107,1.0515951425681695,1
Corn_Common_Rust (180).JPG,0.5509160021721112,3607.2244286529744,1.7637599211495565,1
Corn_Common_Rust (181).JPG,0.13183531398677734,3104.32022054485,16.244923461418306,1
Corn_Common_Rust (182).JPG,0.10063350610772635,3006.6655633468877,10.237880156579342,1
Corn_Common_Rust (183).JPG,0.09799892799714133,2783.7390833364343,16.405395552314985,1
Corn_Common_Rust (184).JPG,0.18577271597405826,4135.404665311427,12.527365604475797,1
Corn_Common_Rust (185).JPG,0.06617453665550314,2926.785703961175,26.75496688741722,1
Corn_Common_Rust (186).JPG,0.00903471231573942,4497.3677983022535,46.464646464646464,1
Corn_Common_Rust (187).JPG,0.12324724884629037,4092.0697628442044,20.158387329013678,1
Corn_Common_Rust (188).JPG,0.21759833341600118,6036.8833872442265,10.48313582497721,1
Corn_Common_Rust (189).JPG,0.07372137597094724,3445.1042719441957,30.095759233926128,1
Corn_Common_Rust (19).jpg,0.05210333198605568,1448.8246200373114,2.848312223501606,1
Corn_Common_Rust (190).JPG,0.04052664475673932,3748.1325620467182,33.31675783192441,1
Corn_Common_Rust (191).JPG,0.07304631162865231,6002.759133443149,27.046783625730992,1
Corn_Common_Rust (192).JPG,0.03391821190874471,6747.381302895697,36.68763102725367,1
Corn_Common_Rust (193).JPG,0.15778308647873865,3868.503528463668,15.501998304468936,1
Corn_Common_Rust (194).JPG,0.09474289942044474,3546.9094349967845,19.301669919757103,1
Corn_Common_Rust (195).JPG,0.09054666865998903,3292.8875111537554,15.95598349381018,1
Corn_Common_Rust (196).JPG,0.015876380439621002,3542.3560270151756,40.0,1
Corn_Common_Rust (197).JPG,0.04066024617603131,1805.7246857928658,36.075949367088604,1
Corn_Common_Rust (198).JPG,0.23934470804160152,4198.187826981928,8.424839076107535,1
Corn_Common_Rust (199).JPG,0.09519227965829907,3499.0952948493723,22.96387017758726,1
Corn_Common_Rust (2).jpg,0.3717213114754098,1857.0797488143908,0.6689460383529061,1
Corn_Common_Rust (20).jpg,0.27509966165287597,1642.9188311140697,0.547945205479452,1
Corn_Common_Rust (200).JPG,0.02095551061678463,6583.709060490124,33.734939759036145,1
Corn_Common_Rust (201).JPG,0.2761262175324675,4706.869000371184,11.297878203361808,1
Corn_Common_Rust (202).JPG,0.2851241504908275,5224.757944989502,9.346522314822026,1
Corn_Common_Rust (203).JPG,0.06452625178967188,3306.2353193153367,23.701002734731084,1
Corn_Common_Rust (204).JPG,0.4442114205314715,4980.205069795702,4.24285885024501,1
Corn_Common_Rust (205).JPG,0.17661324103265064,3895.7292746253343,15.47678482276585,1
Corn_Common_Rust (206).JPG,0.2969095811033761,4641.465557433787,6.843745765008809,1
Corn_Common_Rust (207).JPG,0.19790754007112302,6129.786972835577,12.628563989063924,1
Corn_Common_Rust (208).JPG,0.3013826413216973,5966.185598663767,8.528198074277853,1
Corn_Common_Rust (209).JPG,0.3341518664458531,2926.4443499362433,6.266021076616349,1
Corn_Common_Rust (21).jpg,0.9985594527291015,679.2245103392834,0.01326867371370503,1
Corn_Common_Rust (210).JPG,0.1729923628789632,3535.7478423050825,16.185125735687535,1
Corn_Common_Rust (211).JPG,0.2527004847513264,2853.761955878345,6.267935357196798,1
Corn_Common_Rust (212).JPG,0.3896846317527869,3570.4038967990464,3.9116616412680303,1
Corn_Common_Rust (213).JPG,0.10850107066381157,4175.567804502149,14.798737174427782,1
Corn_Common_Rust (214).JPG,0.18943252668287014,4685.726290610932,16.622043730477465,1
Corn_Common_Rust (215).JPG,0.07874280431950922,4276.828268936994,21.33902373966391,1
Corn_Common_Rust (216).JPG,0.29111266620014,5884.100068022132,8.740303725554464,1
Corn_Common_Rust (217).JPG,0.19369066307841817,4082.4573008448433,9.390275276562903,1
Corn_Common_Rust (218).JPG,0.14485469424576325,3985.114240937275,13.3422281521014,1
Corn_Common_Rust (219).JPG,0.3020180250783699,4168.423425285125,7.675675675675675,1
Corn_Common_Rust (22).jpg,0.26915138679045764,1107.446903749101,2.6187629489560282,1
Corn_Common_Rust (220).JPG,0.04356604578416039,4453.339302111543,38.486627527723414,1
Corn_Common_Rust (221).JPG,0.6281199420734305,4155.080584196479,1.4578742159688083,1
Corn_Common_Rust (222).JPG,0.7014258775267145,4873.525517112055,1.4148941187567796,1
Corn_Common_Rust (223).JPG,0.6091319007190154,3648.4462523204365,1.5004501350405122,1
Corn_Common_Rust (224).JPG,0.04229406554472985,5340.249021261382,29.431000654022238,1
Corn_Common_Rust (225).JPG,0.05782275830479639,3301.242243252021,19.230769230769234,1
Corn_Common_Rust (226).JPG,0.20772956609485368,2546.2252208097766,9.32582086652419,1
Corn_Common_Rust (227).JPG,0.3656677706396393,3472.9989895237627,5.4558350155491295,1
Corn_Common_Rust (228).JPG,0.6816300186949168,4348.485925799638,1.077445474729006,1
Corn_Common_Rust (229).JPG,0.14113193079982747,3750.9797848067246,15.107791546426753,1
Corn_Common_Rust (23).jpg,0.9756510703353556,510.01421206361056,0.015044687350565751,1
Corn_Common_Rust (230).JPG,0.0359464363644716,3019.9697396930087,38.314176245210724,1
Corn_Common_Rust (231).JPG,0.17366213178204742,3466.3126565194916,13.077128369362155,1
Corn_Common_Rust (232).JPG,0.028640723784608677,3469.361468546934,27.566539923954373,1
Corn_Common_Rust (233).JPG,0.06126133965671025,2617.0871194797355,18.81434149804757,1
Corn_Common_Rust (234).JPG,0.1589669944503943,4837.355659022615,12.094304960195958,1
Corn_Common_Rust (235).JPG,0.09728834215637734,2900.296198501942,18.003913894324853,1
Corn_Common_Rust (236).JPG,0.24094012605042017,4568.441351854448,9.699215344376636,1
Corn_Common_Rust (237).JPG,0.14604579963178255,4256.587925680064,12.179577963461266,1
Corn_Common_Rust (238).JPG,0.4536290858799436,5948.661416177835,3.752125227179457,1
Corn_Common_Rust (239).JPG,0.4277197816755869,5705.112581184219,3.097125867195243,1
Corn_Common_Rust (24).jpg,0.0215757957999802,866.372429336442,6.457642960319483,1
Corn_Common_Rust (240).JPG,0.0676446929942161,5393.756015170558,26.03282399547255,1
Corn_Common_Rust (241).JPG,0.17653652603210188,3551.450235003813,9.725786843171687,1
Corn_Common_Rust (242).JPG,0.04570686440855485,3672.482071159237,23.820430600091616,1
Corn_Common_Rust (243).JPG,0.3802714425633133,6097.692477841455,6.548933038999264,1
Corn_Common_Rust (244).JPG,0.10067812647847342,3377.7296704920354,19.73066082054494,1
Corn_Common_Rust (245).JPG,0.19955474600283343,6355.513986812934,15.412695193672683,1
Corn_Common_Rust (246).JPG,0.054673721340388004,5973.076508722678,33.75314861460958,1
Corn_Common_Rust (247).JPG,0.04305239179954442,4873.657191528124,23.79693283976732,1
Corn_Common_Rust (248).JPG,0.027987685418415897,4400.255722598249,15.984015984015985,1
Corn_Common_Rust (249).JPG,0.3556293747775537,3622.589365125905,6.604843551938088,1
Corn_Common_Rust (25).jpg,0.9882972279112701,5066.385138924999,0.2539300787475118,1
Corn_Common_Rust (250).JPG,0.46874092840366294,4069.54589699622,3.26521420931149,1
Corn_Common_Rust (251).JPG,0.29913353115727004,4132.144675768857,10.553880336454531,1
Corn_Common_Rust (252).JPG,0.10155151195499297,4903.421385385764,24.881003894418,1
Corn_Common_Rust (253).JPG,0.16784810126582278,6013.25595857454,20.896165445928478,1
Corn_Common_Rust (254).JPG,0.0632583309598405,4882.590628822528,31.5031503150315,1
Corn_Common_Rust (255).JPG,0.41347370323513466,6512.164517270099,4.698426573426573,1
Corn_Common_Rust (256).JPG,0.10857542571097559,4807.204960438418,14.492753623188406,1
Corn_Common_Rust (257).JPG,0.15805727119595733,4637.557166867558,9.322974472807992,1
Corn_Common_Rust (258).JPG,0.2845897557939443,6449.559873470051,14.664265500385902,1
Corn_Common_Rust (259).JPG,0.06441808020394156,5451.381016794174,36.511156186612574,1
Corn_Common_Rust (26).jpg,0.27551535018596734,4104.022079004567,25.968083280901446,1
Corn_Common_Rust (260).JPG,0.13830744171346607,3795.0328222552225,18.27768014059754,1
Corn_Common_Rust (261).JPG,0.11437439682829495,4720.057922009666,17.783857729138166,1
Corn_Common_Rust (262).JPG,0.44954083745402285,4515.584913456387,3.9553532726484613,1
Corn_Common_Rust (263).JPG,0.1359933689656158,3501.743620518785,12.39756251313301,1
Corn_Common_Rust (264).JPG,0.011492544706989646,4007.3998852582863,53.763440860215056,1
Corn_Common_Rust (265).JPG,0.30079444365158653,4846.91719042064,11.1488890646003,1
Corn_Common_Rust (266).JPG,0.3603227876215389,3871.816518702724,7.533214628133132,1
Corn_Common_Rust (267).JPG,0.3685538643257899,4258.447623017426,6.6278222869628545,1
Corn_Common_Rust (268).JPG,0.4144358420503361,4902.367130566983,5.563038004333313,1
Corn_Common_Rust (269).JPG,0.2348753048540634,3239.136936816415,9.545340366742025,1
Corn_Common_Rust (27).jpg,0.23365129819705766,2023.7342718666455,3.401008664166559,1
Corn_Common_Rust (270).JPG,0.5568721504559271,3628.6667498053257,1.8335323213371995,1
Corn_Common_Rust (271).JPG,0.6410180351210252,3976.192419965061,1.1568182869834807,1
Corn_Common_Rust (272).JPG,0.43272763879800674,3691.1887061805064,3.9546379761558588,1
Corn_Common_Rust (273).JPG,0.2516927273612938,3260.159523940868,7.160135462022255,1
Corn_Common_Rust (274).JPG,0.12513671162960263,2911.5071719077423,13.835791006735846,1
Corn_Common_Rust (275).JPG,0.8481112942071238,3676.13889475611,0.4109998505455089,1
Corn_Common_Rust (276).JPG,0.6539259197809947,3875.959729072206,0.7928453634403145,1
Corn_Common_Rust (277).JPG,0.1601102147860439,2960.6654038532197,21.76616915422886,1
Corn_Common_Rust (278).JPG,0.09146135673304084,2964.924229915252,9.765625,1
Corn_Common_Rust (279).JPG,0.5213216756959717,5050.601241734827,3.138021503163743,1
Corn_Common_Rust (28).jpg,0.2543126409585876,2073.119630933166,4.15873231773667,1
Corn_Common_Rust (280).JPG,0.6903366169094095,5028.324114214211,0.8316190309449818,1
Corn_Common_Rust (281).JPG,0.2571028691392582,4952.378324624385,7.72915305900283,1
Corn_Common_Rust (282).JPG,0.0199015243093434,3987.2462163717328,50.29585798816568,1
Corn_Common_Rust (283).JPG,0.428234936554973,4643.654899731999,4.849488438109883,1
Corn_Common_Rust (284).JPG,0.39224899598393576,4310.551766248482,4.45354491937548,1
Corn_Common_Rust (285).JPG,0.06614882709336647,4994.364811124319,21.5962441314554,1
Corn_Common_Rust (286).JPG,0.09403382577223374,3646.0516957965656,8.470474346563407,1
Corn_Common_Rust (287).JPG,0.10765885117232415,5254.406332467189,13.695450324976788,1
Corn_Common_Rust (288).JPG,0.37632320868131286,4528.070749360195,5.159010600706714,1
Corn_Common_Rust (289).JPG,0.15311042814752013,4275.062893980143,15.743944636678199,1
Corn_Common_Rust (29).jpg,0.2743151486771248,2303.376271725619,2.0483641536273116,1
Corn_Common_Rust (290).JPG,0.46206140350877195,5160.523410382325,5.220417633410673,1
Corn_Common_Rust (291).JPG,0.3158526174930208,3858.8255953254093,7.742312468044701,1
Corn_Common_Rust (292).JPG,0.3039330698938009,4818.084281351032,6.500101564086939,1
Corn_Common_Rust (293).JPG,0.21555425696791078,3386.037713261612,10.489098408956984,1
Corn_Common_Rust (294).JPG,0.6488023828238116,3838.736752201833,1.4027033919918388,1
Corn_Common_Rust (295).JPG,0.824922084312975,4067.151042317859,0.695940347970174,1
Corn_Common_Rust (296).JPG,0.03541211263983541,4883.285873477084,18.142235123367197,1
Corn_Common_Rust (297).JPG,0.010547299746284886,4857.036554847687,27.397260273972602,1
Corn_Common_Rust (298).JPG,0.12633305988515175,5192.723904108952,22.427700177060792,1
Corn_Common_Rust (299).JPG,0.17933269065981147,4571.33749302356,18.960883845924155,1
Corn_Common_Rust (3).jpg,0.026364799858775764,1651.6611251721608,73.62784471218207,1
Corn_Common_Rust (30).jpg,0.10288110593976013,1439.393487646844,107.34875855177185,1
Corn_Common_Rust (300).JPG,0.1691043182438976,3985.6040500436475,22.75730436059316,1
Corn_Common_Rust (301).JPG,0.00814255738937083,4001.5912546728955,68.9655172413793,1
Corn_Common_Rust (302).JPG,0.04117220293309841,4454.97430344721,27.67295597484277,1
Corn_Common_Rust (303).JPG,0.1818283041977508,4548.156188785144,16.042125887827577,1
Corn_Common_Rust (304).JPG,0.1589414509970301,4561.590138725562,15.67973311092577,1
Corn_Common_Rust (305).JPG,0.11043439785533953,3167.911919694406,4.476908576814326,1
Corn_Common_Rust (306).JPG,0.36231884057971014,5100.351526256015,4.914004914004914,1
Corn_Common_Rust (307).JPG,0.5366978889976234,5408.080276617697,2.170609941393532,1
Corn_Common_Rust (308).JPG,0.40373481476523543,3527.6241688272107,5.3046000828843765,1
Corn_Common_Rust (309).JPG,0.44150559511698884,4498.462079820059,4.6079826523006036,1
Corn_Common_Rust (31).jpg,0.7990203697583083,963.8646472758874,1.0061711832573117,1
Corn_Common_Rust (310).JPG,0.22619417475728154,3636.825430751878,10.386266094420602,1
Corn_Common_Rust (311).JPG,0.22704236214399823,5036.292820245055,14.434740417273169,1
Corn_Common_Rust (312).JPG,0.0690221635741793,4270.560618360561,32.7613104524181,1
Corn_Common_Rust (313).JPG,0.08211598564648687,4527.627362259764,32.69447576099211,1
Corn_Common_Rust (314).JPG,0.0789880586449077,4922.793218582147,24.05093138410752,1
Corn_Common_Rust (315).JPG,0.0848408247096927,5742.628211225622,13.963230160577147,1
Corn_Common_Rust (316).JPG,0.10297742694917601,4332.086305074618,15.595590212422694,1
Corn_Common_Rust (317).JPG,0.08394736316619741,4652.658169489572,28.299643281807374,1
Corn_Common_Rust (318).JPG,0.10174428995246095,2906.9471814268827,21.777309448542326,1
Corn_Common_Rust (319).JPG,0.12091967675567905,3343.42116204559,23.149772009821117,1
Corn_Common_Rust (32).jpg,0.6546877954928019,4395.52654036716,1.3344983336675547,1
Corn_Common_Rust (320).JPG,0.4043968178281928,4285.5478307879075,3.040645361464474,1
Corn_Common_Rust (321).JPG,0.11228569492444264,4046.306230603085,12.469831053901851,1
Corn_Common_Rust (322).JPG,0.059315874099689435,3607.595563770158,17.074981440237565,1
Corn_Common_Rust (323).JPG,0.014196926482482653,4356.8657912526805,55.38922155688623,1
Corn_Common_Rust (324).JPG,0.05140497763504989,5271.79323545767,33.006244424620874,1
Corn_Common_Rust (325).JPG,0.02466281310211946,4870.226729033635,83.61204013377926,1
Corn_Common_Rust (326).JPG,0.06409237529802253,4160.471350082844,33.904484141450965,1
Corn_Common_Rust (327).JPG,0.06149646107178969,5261.573214578559,30.243261012491782,1
Corn_Common_Rust (328).JPG,0.13179670209159972,4111.156021044255,10.89093934351838,1
Corn_Common_Rust (329).JPG,0.03646354809416257,3903.2396635922432,17.230376515634973,1
Corn_Common_Rust (33).jpg,0.14710596850200586,1965.5491373578773,16.82048228639476,1
Corn_Common_Rust (330).JPG,0.4639608476183155,4637.04073595256,3.9209189308592887,1
Corn_Common_Rust (331).JPG,0.31213944034983265,4050.2663262199158,7.365998026964815,1
Corn_Common_Rust (332).JPG,0.06921193069668835,2161.5772623296507,21.119324181626187,1
Corn_Common_Rust (333).JPG,0.30747594763682246,5146.05402123314,9.232347409813643,1
Corn_Common_Rust (334).JPG,0.08782398256082466,4765.780705266116,26.498422712933753,1
Corn_Common_Rust (335).JPG,0.026590198123044837,1812.955917382153,39.888033589923026,1
Corn_Common_Rust (336).JPG,0.13406727130987015,4140.746260483091,18.15087918321044,1
Corn_Common_Rust (337).JPG,0.5901656614606653,5929.233764783217,1.9634968093176848,1
Corn_Common_Rust (338).JPG,0.4519870202708116,4403.864682502759,4.0326154391562525,1
Corn_Common_Rust (339).JPG,0.20179720914157342,3784.366263851942,10.382104249170501,1
Corn_Common_Rust (34).jpg,0.3917901500983072,3235.058081154505,3.5250055078211058,1
Corn_Common_Rust (340).JPG,0.13329301200334978,4224.675458138386,19.019368347583317,1
Corn_Common_Rust (341).JPG,0.06549032140248356,4416.408563502055,22.996515679442506,1
Corn_Common_Rust (342).JPG,0.03226439362560223,4971.01990012869,31.735313977042537,1
Corn_Common_Rust (343).JPG,0.27359908394761323,4156.780804540939,8.80557977332171,1
Corn_Common_Rust (344).JPG,0.264662077848891,3378.6643363365265,6.615466504448331,1
Corn_Common_Rust (345).JPG,0.15373081042484826,3090.280954740424,7.198420991524439,1
Corn_Common_Rust (346).JPG,0.40147094876195144,5241.6003269063,4.335348354399463,1
Corn_Common_Rust (347).JPG,0.3356098344849751,5168.484500560656,6.463453558889243,1
Corn_Common_Rust (348).JPG,0.2173697424294083,5005.104370818304,7.84145993726832,1
Corn_Common_Rust (349).JPG,0.034171175232942594,3219.312027850536,33.51648351648352,1
Corn_Common_Rust (35).jpg,0.049458721302313845,1489.24561943032,15.216400911161731,1
Corn_Common_Rust (350).JPG,0.007362729915505203,3660.550700424746,77.20588235294117,1
Corn_Common_Rust (351).JPG,0.06623962731110787,5303.290268313781,37.78558875219684,1
Corn_Common_Rust (352).JPG,0.4330762197266312,4836.897891442845,5.034374492502571,1
Corn_Common_Rust (353).JPG,0.27104895104895105,4692.448876580331,9.012107870115575,1
Corn_Common_Rust (354).JPG,0.08679091970951196,2603.863756487998,21.643755484059668,1
Corn_Common_Rust (355).JPG,0.06322726330099772,4898.808924684406,23.679417122040075,1
Corn_Common_Rust (356).JPG,0.628562421185372,2788.908212913323,1.6383576300655343,1
Corn_Common_Rust (357).JPG,0.23236306729264475,3572.983569692279,7.99138008440334,1
Corn_Common_Rust (358).JPG,0.08118762056529397,3816.618163888228,22.463206816421376,1
Corn_Common_Rust (359).JPG,0.8289149270904267,4663.395607540619,0.3399240836213246,1
Corn_Common_Rust (36).jpg,0.17453830701773332,1304.9444423457337,7.573507573507573,1
Corn_Common_Rust (360).JPG,0.06175399271504623,3144.651415218093,22.98155427880254,1
Corn_Common_Rust (361).JPG,0.05651639344262295,2678.1481454853147,25.73396158028271,1
Corn_Common_Rust (362).JPG,0.07804245602492405,3364.7077136622056,33.217649975210705,1
Corn_Common_Rust (363).JPG,0.06334791922224867,4057.2149909903346,24.55937590291823,1
Corn_Common_Rust (364).JPG,0.11568590587203108,3123.7851468904437,11.915508214479148,1
Corn_Common_Rust (365).JPG,0.1644677970768419,3338.3081694807447,17.436183568140606,1
Corn_Common_Rust (366).JPG,0.11335030745580323,3046.8340537562535,24.152542372881356,1
Corn_Common_Rust (367).JPG,0.492133526850508,3282.919143865669,2.890002948982601,1
Corn_Common_Rust (368).JPG,0.4153542581049681,3458.6418936633777,4.528502930207778,1
Corn_Common_Rust (369).JPG,0.09347121581764556,3051.5122770628986,16.163583252190847,1
Corn_Common_Rust (37).jpg,0.03462513098185249,1661.8808980761034,8.318264014466546,1
Corn_Common_Rust (370).JPG,0.10341651314687657,3952.1104566754757,20.036429872495447,1
Corn_Common_Rust (371).JPG,0.4405675290126075,3796.3750275633015,3.850192509625481,1
Corn_Common_Rust (372).JPG,0.36144218715800785,3721.262631386146,5.1194539249146755,1
Corn_Common_Rust (373).JPG,0.512275263484191,4279.57667486857,3.388463089955627,1
Corn_Common_Rust (374).JPG,0.09554618590675584,2668.732724240493,15.212981744421906,1
Corn_Common_Rust (375).JPG,0.08648411003642759,3233.0721371353347,29.04162633107454,1
Corn_Common_Rust (376).JPG,0.13095690284879474,4233.723034050608,22.083426277046623,1
Corn_Common_Rust (377).JPG,0.13021573762314503,3508.1605794467996,20.681731137495213,1
Corn_Common_Rust (378).JPG,0.11746877296105805,3548.9755709307983,16.220441665038106,1
Corn_Common_Rust (379).JPG,0.030567575090462814,5477.5738203738765,28.949545078577337,1
Corn_Common_Rust (38).jpg,0.1305506256802099,2112.708023351522,18.92078865444483,1
Corn_Common_Rust (380).JPG,0.34611733434592745,4503.089456380241,4.753633787366304,1
Corn_Common_Rust (381).JPG,0.1789628345015295,2571.295329430968,8.477997577714978,1
Corn_Common_Rust (382).JPG,0.2795564039632761,3050.8105746734473,5.462348809988295,1
Corn_Common_Rust (383).JPG,0.09792786946041164,3797.130173929442,17.983909133932798,1
Corn_Common_Rust (384).JPG,0.11868824889636326,2727.516669519674,17.53143261908978,1
Corn_Common_Rust (385).JPG,0.13080801869388758,3179.2117710982984,18.42451588644482,1
Corn_Common_Rust (386).JPG,0.13789958964486548,3840.513565575689,16.896235078053262,1
Corn_Common_Rust (387).JPG,0.09058448560952814,3786.7680264369365,19.042581327691085,1
Corn_Common_Rust (388).JPG,0.05432620899730635,3857.2450474305106,12.042612320518758,1
Corn_Common_Rust (389).JPG,0.016894550462325398,4368.437886038512,63.95348837209303,1
Corn_Common_Rust (39).jpg,0.02214074924488826,445.9655318439448,4.816584463625154,1
Corn_Common_Rust (390).JPG,0.01625356392166656,3851.081442922524,47.314578005115095,1
Corn_Common_Rust (391).JPG,0.21182999734753422,4921.091148455692,10.497929307521911,1
Corn_Common_Rust (392).JPG,0.1178921495159018,3697.4086011701356,25.92780884595831,1
Corn_Common_Rust (393).JPG,0.2764419214909227,4179.4805105451715,11.138014527845037,1
Corn_Common_Rust (394).JPG,0.40671702185055303,3503.0177975729607,5.504708847327231,1
Corn_Common_Rust (395).JPG,0.1529860465116279,2195.80818348734,11.91634241245136,1
Corn_Common_Rust (396).JPG,0.5939451495007051,5741.090899871406,2.2771317829457365,1
Corn_Common_Rust (397).JPG,0.3807815176628548,4160.8493221133085,3.9513677811550156,1
Corn_Common_Rust (398).JPG,0.07544612047717637,4671.749696878136,32.98497713912475,1
Corn_Common_Rust (399).JPG,0.0745128604832424,3195.2314960774183,25.359477124183005,1
Corn_Common_Rust (4).jpg,0.1921584590601237,1362.5968764733761,11.763115197404002,1
Corn_Common_Rust (40).jpg,0.27797595595830094,1463.1943942102728,3.8688424117061215,1
Corn_Common_Rust (400).JPG,0.058852006988149616,4298.107316057671,19.66392563460851,1
Corn_Common_Rust (401).JPG,0.007689941556444171,4423.2261914551855,74.07407407407408,1
Corn_Common_Rust (402).JPG,0.03663600097696003,2496.84246562211,33.30866025166544,1
Corn_Common_Rust (403).JPG,0.03994707766584653,3999.8825944457835,16.840882694541232,1
Corn_Common_Rust (404).JPG,0.24672051122747848,2566.7808182574104,9.568345323741006,1
Corn_Common_Rust (405).JPG,0.3338741077222583,3537.054844522608,7.854887035387481,1
Corn_Common_Rust (406).JPG,0.03554589656696626,3074.894652477305,45.05437597099948,1
Corn_Common_Rust (407).JPG,0.1195784167716806,3393.838050208763,19.54022988505747,1
Corn_Common_Rust (408).JPG,0.39322247652856274,4314.703442377835,5.820168666112365,1
Corn_Common_Rust (409).JPG,0.015736059207151754,2413.255109202592,46.51162790697674,1
Corn_Common_Rust (41).jpg,0.11979085779365325,4112.44392835142,30.57145943610241,1
Corn_Common_Rust (410).JPG,0.2281671719873967,5541.4591145929335,10.29047805132213,1
Corn_Common_Rust (411).JPG,0.026771113572822705,4372.600959113409,58.07086614173228,1
Corn_Common_Rust (412).JPG,0.043709626931504514,3793.6305226512636,29.92843201040989,1
Corn_Common_Rust (413).JPG,0.23134813481348135,4086.873507084892,12.210935811540955,1
Corn_Common_Rust (414).JPG,0.10311002621824428,5364.595299420698,15.998246767477537,1
Corn_Common_Rust (415).JPG,0.15410772225827385,4310.565183671326,10.778039744021555,1
Corn_Common_Rust (416).JPG,0.0030080921916705505,3938.915199728952,111.8881118881119,1
Corn_Common_Rust (417).JPG,0.055078281814532316,3986.566457578891,34.48275862068965,1
Corn_Common_Rust (418).JPG,0.18087957907276878,5965.968087022903,12.621758814652216,1
Corn_Common_Rust (419).JPG,0.033825553456038444,5939.950608356315,27.567195037904895,1
Corn_Common_Rust (42).jpg,0.2398603533137472,7289.736877956491,13.878395037181374,1
Corn_Common_Rust (420).JPG,0.06469322111780212,6189.61944120013,38.49028400597907,1
Corn_Common_Rust (421).JPG,0.07728444003964322,2820.209949571713,9.230769230769232,1
Corn_Common_Rust (422).JPG,0.017269047011196616,2385.8327758082564,52.742616033755276,1
Corn_Common_Rust (423).JPG,0.23825032795042295,5078.06713362193,9.207403891789275,1
Corn_Common_Rust (424).JPG,0.2894943794236018,3366.8257402357867,7.989134776703683,1
Corn_Common_Rust (425).JPG,0.12420174334591899,3014.5420950615603,22.138836772983115,1
Corn_Common_Rust (426).JPG,0.025094569733551068,5001.216471369579,26.337448559670783,1
Corn_Common_Rust (427).JPG,0.07485685163533891,5801.370796684224,22.81825460368295,1
Corn_Common_Rust (428).JPG,0.1218331694774257,1870.498617317547,16.91233514352211,1
Corn_Common_Rust (429).JPG,0.10570254869914748,3112.716256614143,15.249634426571966,1
Corn_Common_Rust (43).jpg,0.657321307633596,2155.029849749369,1.1447822460627668,1
Corn_Common_Rust (430).JPG,0.06131767775603392,7122.095297710229,31.183557760453578,1
Corn_Common_Rust (431).JPG,0.1188680200475877,5631.6180787250505,17.879948914431672,1
Corn_Common_Rust (432).JPG,0.11297277319206603,2967.6376488325336,23.62347810285299,1
Corn_Common_Rust (433).JPG,0.10193888303477344,3782.563008837847,22.943365026870605,1
Corn_Common_Rust (434).JPG,0.32195309362066254,2804.6720454860715,5.695069696805337,1
Corn_Common_Rust (435).JPG,0.5929374706418723,5283.219448979953,1.863932898415657,1
Corn_Common_Rust (436).JPG,0.03438978031207179,4784.400852427143,24.405908798972384,1
Corn_Common_Rust (437).JPG,0.008073255309926312,5284.817494984298,33.4448160535117,1
Corn_Common_Rust (438).JPG,0.03528900118044194,2655.204437704274,16.422287390029325,1
Corn_Common_Rust (439).JPG,0.018351608396961174,1656.896526384663,19.791666666666664,1
Corn_Common_Rust (44).jpg,0.2357226173867301,1094.024607958824,7.858736780828563,1
Corn_Common_Rust (440).JPG,0.2783749450334685,4455.092842268531,7.283257283257283,1
Corn_Common_Rust (441).JPG,0.18407825358498003,3799.701254508081,8.431477516059957,1
Corn_Common_Rust (442).JPG,0.25544018058690743,2860.316815406034,10.533012865827796,1
Corn_Common_Rust (443).JPG,0.20088738038766665,3591.631624296375,13.942601261958071,1
Corn_Common_Rust (444).JPG,0.1192997974813194,4286.749204426537,21.06905969566914,1
Corn_Common_Rust (445).JPG,0.1657232134770401,3818.0002562692825,11.202185792349727,1
Corn_Common_Rust (446).JPG,0.1163710347594349,4742.841281150186,19.694731659281143,1
Corn_Common_Rust (447).JPG,0.08687851173332074,4874.746338945817,23.634881825590874,1
Corn_Common_Rust (448).JPG,0.03896279159437054,2577.771133568069,35.1137487636004,1
Corn_Common_Rust (449).JPG,0.10186513629842181,2508.3867023476696,17.385257301808068,1
Corn_Common_Rust (45).jpg,0.04561410187040657,724.1301743650239,21.369177122761005,1
Corn_Common_Rust (450).JPG,0.15034602493308577,4327.842957523782,15.554842847979474,1
Corn_Common_Rust (451).JPG,0.02006335797254488,3672.193131117332,35.75184016824395,1
Corn_Common_Rust (452).JPG,0.006051837965604369,2768.9896408156665,73.8255033557047,1
Corn_Common_Rust (453).JPG,0.08472078170205798,2345.5883271404164,1.7178441056474125,1
Corn_Common_Rust (454).JPG,0.012406144380805893,3800.0116388721963,39.08794788273615,1
Corn_Common_Rust (455).JPG,0.02755632582322357,2946.3458100403154,38.59964093357271,1
Corn_Common_Rust (456).JPG,0.029169308814204185,1822.783351020235,23.895727733526428,1
Corn_Common_Rust (457).JPG,0.040735677892382256,3486.772565984945,25.0,1
Corn_Common_Rust (458).JPG,0.08928713977807935,2883.085867105091,23.681858802502234,1
Corn_Common_Rust (459).JPG,0.0230803373280071,2897.453337736062,9.149130832570906,1
Corn_Common_Rust (46).jpg,0.16625260409589257,1240.5452325445508,6.4767423507925415,1
Corn_Common_Rust (460).JPG,0.032528103324563504,1871.7278448855318,8.923884514435695,1
Corn_Common_Rust (461).JPG,0.023344477681975482,4347.374457780163,41.40526976160602,1
Corn_Common_Rust (462).JPG,0.36915682225908,4440.749424493299,6.326212524067113,1
Corn_Common_Rust (463).JPG,0.15750734739525085,3941.764366869069,16.17962687799241,1
Corn_Common_Rust (464).JPG,0.019145129981349675,2437.4833749055824,27.805362462760673,1
Corn_Common_Rust (465).JPG,0.05842089462623837,2638.1321301325306,14.383561643835616,1
Corn_Common_Rust (466).JPG,0.0794351675445478,3355.316810687946,15.796897038081806,1
Corn_Common_Rust (467).JPG,0.1512427124884934,4075.427011618206,17.647058823529413,1
Corn_Common_Rust (468).JPG,0.10456766142798281,4561.374254215785,18.851997749015194,1
Corn_Common_Rust (469).JPG,0.0642896174863388,4229.9364628978865,29.31180968564146,1
Corn_Common_Rust (47).jpg,0.37762685914785044,1534.702713799983,1.8642306821476107,1
Corn_Common_Rust (470).JPG,0.20640912067172515,3629.435640425808,8.676182479708928,1
Corn_Common_Rust (471).JPG,0.384793027240446,3638.376660764905,5.936632896689682,1
Corn_Common_Rust (472).JPG,0.12845961887477314,4334.37909844717,22.95299050982123,1
Corn_Common_Rust (473).JPG,0.15928797306946854,4993.679030857252,17.608452056987353,1
Corn_Common_Rust (474).JPG,0.0268203431426255,3492.5910942777455,44.897959183673464,1
Corn_Common_Rust (475).JPG,0.10977957013885706,3887.099835069207,25.87646076794658,1
Corn_Common_Rust (476).JPG,0.1613531448355453,4477.65076188428,17.878426698450536,1
Corn_Common_Rust (477).JPG,0.4494143243858628,3711.7127974467153,4.615817618913594,1
Corn_Common_Rust (478).JPG,0.07974961868351722,3483.0684337057864,23.094114725602186,1
Corn_Common_Rust (479).JPG,0.07459221335873319,4443.1106700231485,21.01063829787234,1
Corn_Common_Rust (48).jpg,0.046311718982154866,1663.2099559256787,13.402562316638173,1
Corn_Common_Rust (480).JPG,0.24122864738241254,3872.5987961063556,9.491599389046476,1
Corn_Common_Rust (481).JPG,0.10332846369487109,3793.4881754255484,19.293218720152815,1
Corn_Common_Rust (482).JPG,0.029115058482891743,4024.7786365128522,39.43217665615142,1
Corn_Common_Rust (483).JPG,0.47900858876053576,4766.871018440244,3.1345342082166594,1
Corn_Common_Rust (484).JPG,0.22185403917586383,3857.8820916395907,10.598578826930025,1
Corn_Common_Rust (485).JPG,0.3180661042267152,4326.6665274401075,8.730736159798928,1
Corn_Common_Rust (486).JPG,0.13527552562869313,5043.364977917459,22.140970952671136,1
Corn_Common_Rust (487).JPG,0.012809503363389152,3097.9334633592925,39.03345724907063,1
Corn_Common_Rust (488).JPG,0.07891075786256757,3181.6302166649384,36.1167292689974,1
Corn_Common_Rust (489).JPG,0.05490996544128049,3390.7394259210896,31.272994849153786,1
Corn_Common_Rust (49).jpg,0.10927666940639946,1966.7762338665975,17.69298529599988,1
Corn_Common_Rust (490).JPG,0.35316390452779317,3718.339882529669,5.444544229905703,1
Corn_Common_Rust (491).JPG,0.43935175566174944,4127.653498241462,4.870667234123044,1
Corn_Common_Rust (492).JPG,0.2730977944430212,3517.3913960776827,9.03896989852477,1
Corn_Common_Rust (493).JPG,0.027553492127573676,2865.5347684101216,29.282576866764277,1
Corn_Common_Rust (494).JPG,0.11466319315221436,2615.679365790369,19.47103683271134,1
Corn_Common_Rust (495).JPG,0.15699429721569944,3816.770454094035,16.521862982481128,1
Corn_Common_Rust (496).JPG,0.04962633087633088,3821.719299506113,7.216494845360825,1
Corn_Common_Rust (497).JPG,0.024787384076242574,4041.28807563244,40.482342807924205,1
Corn_Common_Rust (498).JPG,0.30567947129285417,3889.65920705695,7.296311309282529,1
Corn_Common_Rust (499).JPG,0.2056392054848879,5054.0134541934385,14.04223389430807,1
Corn_Common_Rust (5).jpg,0.02670354298793572,2964.515866666672,166.44355198572066,1
Corn_Common_Rust (50).jpg,0.3893765458651468,1158.5016918054116,10.73635516277143,1
Corn_Common_Rust (500).JPG,0.007604849032452375,2771.0703944657444,37.03703703703704,1
Corn_Common_Rust (501).JPG,0.3698956536028264,4066.785563673393,5.108556832694764,1
Corn_Common_Rust (502).JPG,0.2641428658797627,4391.256251839499,6.559654267633894,1
Corn_Common_Rust (503).JPG,0.020458281345929138,3922.005878438295,38.684719535783366,1
Corn_Common_Rust (504).JPG,0.15541643376187814,3650.7099088294954,10.500575373993096,1
Corn_Common_Rust (505).JPG,0.3652002490143183,3723.7454066397277,5.965909090909091,1
Corn_Common_Rust (506).JPG,0.1198723415962803,4504.745679567032,20.65167508031207,1
Corn_Common_Rust (507).JPG,0.07190549563430919,4530.275202794861,26.8616116967018,1
Corn_Common_Rust (508).JPG,0.017726161369193152,2894.6194923430967,35.67035670356704,1
Corn_Common_Rust (509).JPG,0.07649696030795954,2468.5380100427747,14.417177914110429,1
Corn_Common_Rust (51).jpg,0.09779325956029392,937.18445203985,8.214906757810157,1
Corn_Common_Rust (510).JPG,0.01046234807668212,3749.542448599551,49.800796812749,1
Corn_Common_Rust (511).JPG,0.011238860255459983,2288.5169531829456,33.6906584992343,1
Corn_Common_Rust (512).JPG,0.004878323886868003,3932.0168127214524,114.94252873563218,1
Corn_Common_Rust (513).JPG,0.05979144264672785,3947.8574758836157,25.919732441471574,1
Corn_Common_Rust (514).JPG,0.08071498705703829,3145.4964036745496,18.79491431730238,1
Corn_Common_Rust (515).JPG,0.010277342468748861,2691.8319765221886,81.2720848056537,1
Corn_Common_Rust (516).JPG,0.4190164884043279,3929.8092213603945,5.134534682794372,1
Corn_Common_Rust (517).JPG,0.30897247406681366,4006.6187882086087,8.128469468675656,1
Corn_Common_Rust (518).JPG,0.14050146376436382,2958.6171422898437,18.565759637188208,1
Corn_Common_Rust (519).JPG,0.01956150489037622,3538.3607921828107,32.59911894273128,1
Corn_Common_Rust (52).jpg,0.34505043341341735,1519.6335926756083,0.787260521949012,1
Corn_Common_Rust (520).JPG,0.03342596731251336,3219.3016001197375,28.471818710052293,1
Corn_Common_Rust (521).JPG,0.2956026970721982,3798.469494614051,7.577479730241722,1
Corn_Common_Rust (522).JPG,0.22570170366086917,4382.053824197379,9.36052813085033,1
Corn_Common_Rust (523).JPG,0.4090991700490701,3915.3360938908736,4.516176797216258,1
Corn_Common_Rust (524).JPG,0.09368109959187503,3287.7686700148606,22.528160200250312,1
Corn_Common_Rust (525).JPG,0.09177332320339743,3010.929260105825,21.64685908319185,1
Corn_Common_Rust (526).JPG,0.038736181012603774,3284.670488520342,22.752497225305216,1
Corn_Common_Rust (527).JPG,0.0340742655294219,5149.614917571017,32.849020846494,1
Corn_Common_Rust (528).JPG,0.04080563947633434,2122.4182153944967,10.85347804637395,1
Corn_Common_Rust (529).JPG,0.3553644387259881,6350.430047855591,8.765243902439025,1
Corn_Common_Rust (53).jpg,0.0332444354987504,3834.8680838483288,14.123581336696091,1
Corn_Common_Rust (530).JPG,0.3829546713953231,5013.3197177457105,5.9613381178377125,1
Corn_Common_Rust (531).JPG,0.2915435790282681,5249.1914864749115,4.85996705107084,1
Corn_Common_Rust (532).JPG,0.11324807573738539,3523.2249568327625,22.475856014047412,1
Corn_Common_Rust (533).JPG,0.05452487911937176,4010.2643953773163,26.398491514770583,1
Corn_Common_Rust (534).JPG,0.16745379693821175,2375.3077828519645,14.047036288177079,1
Corn_Common_Rust (535).JPG,0.06487840190956937,3396.2756654635104,22.309315646668676,1
Corn_Common_Rust (536).JPG,0.12260800132162229,3484.638612702423,18.410417602155366,1
Corn_Common_Rust (537).JPG,0.0476966558702783,3100.130872145039,30.696065715520966,1
Corn_Common_Rust (538).JPG,0.06314256339958876,2722.591447141793,18.65038996269922,1
Corn_Common_Rust (539).JPG,0.048031923784054825,4132.923129198751,21.304347826086957,1
Corn_Common_Rust (54).jpg,0.2920177565867894,4216.175950223128,5.770787149442275,1
Corn_Common_Rust (540).JPG,0.04162807450859319,3364.7539687301387,35.206917850525016,1
Corn_Common_Rust (541).JPG,0.21048113038812377,4923.663226751237,9.345794392523365,1
Corn_Common_Rust (542).JPG,0.21776344352787944,3951.9356610106393,7.404594645908487,1
Corn_Common_Rust (543).JPG,0.25139071050608297,4286.90162177082,5.756431012772081,1
Corn_Common_Rust (544).JPG,0.27134556281213984,5663.428682550181,9.821270571580252,1
Corn_Common_Rust (545).JPG,0.10493618569831821,4256.762026077251,12.63001485884101,1
Corn_Common_Rust (546).JPG,0.07800217883181094,2674.2428866334376,21.052631578947366,1
Corn_Common_Rust (547).JPG,0.04478428333751168,4219.19098309366,33.5707019328586,1
Corn_Common_Rust (548).JPG,0.11976637654603756,4175.111174933828,17.017208413001914,1
Corn_Common_Rust (549).JPG,0.1611951660481492,3757.0340818072427,14.04792822571125,1
Corn_Common_Rust (55).jpg,0.026398889539107843,445.8467251416395,2.4093805214970283,1
Corn_Common_Rust (550).JPG,0.233801580333626,4243.072608751483,7.8848560700876105,1
Corn_Common_Rust (551).JPG,0.030113262978855,3072.421853330929,35.279025016035924,1
Corn_Common_Rust (552).JPG,0.029819770617149098,3228.3871209981867,36.603221083455345,1
Corn_Common_Rust (553).JPG,0.3862256776983203,3658.949133439341,3.2831001076426265,1
Corn_Common_Rust (554).JPG,0.5810571979434447,4356.773220906016,1.935506169425915,1
Corn_Common_Rust (555).JPG,0.8312724371759075,4675.004225207306,0.5598059339428998,1
Corn_Common_Rust (556).JPG,0.31818075801749274,3292.437971875411,8.355933445723082,1
Corn_Common_Rust (557).JPG,0.39059535736363055,3875.239239716445,6.166439290586631,1
Corn_Common_Rust (558).JPG,0.07448768775476018,2857.450706166126,28.728453659755182,1
Corn_Common_Rust (559).JPG,0.01089862224964014,3467.698991237289,50.2092050209205,1
Corn_Common_Rust (56).jpg,0.04384718140528988,389.6541405990183,1.8277080541001582,1
Corn_Common_Rust (560).JPG,0.024136542591267,4674.636854221583,33.333333333333336,1
Corn_Common_Rust (561).JPG,0.03943712289615751,2466.2740544104136,40.74446680080483,1
Corn_Common_Rust (562).JPG,0.04203896870694745,2723.6368479470248,34.160037435657465,1
Corn_Common_Rust (563).JPG,0.04256988020536224,3736.2811170652994,17.299107142857142,1
Corn_Common_Rust (564).JPG,0.22054851444005819,3512.9506815568247,7.629992464204974,1
Corn_Common_Rust (565).JPG,0.3183686307401971,4628.202708996174,7.442044257112751,1
Corn_Common_Rust (566).JPG,0.16531713900134953,3498.2385622237334,14.916971573318323,1
Corn_Common_Rust (567).JPG,0.16119868838661033,2702.5687699709633,13.487056776158363,1
Corn_Common_Rust (568).JPG,0.0666697607500058,3902.231343852215,27.48782185107864,1
Corn_Common_Rust (569).JPG,0.11743327654741624,3481.003649183995,22.432798298201508,1
Corn_Common_Rust (57).jpg,0.41620644613857904,1228.641982726713,3.58865872134833,1
Corn_Common_Rust (570).JPG,0.07350589949606363,3692.9153081199506,33.30580787228186,1
Corn_Common_Rust (571).JPG,0.14034563686793258,3421.2512320607593,15.655874753001976,1
Corn_Common_Rust (572).JPG,0.05252723311546841,4561.131456807548,39.80099502487562,1
Corn_Common_Rust (573).JPG,0.07268812794750872,3337.801550998403,21.62162162162162,1
Corn_Common_Rust (574).JPG,0.0018127344595785392,4331.289586971318,82.1917808219178,1
Corn_Common_Rust (575).JPG,0.010149635589368973,2033.305777583164,39.735099337748345,1
Corn_Common_Rust (576).JPG,0.33744085338327007,2815.5542740411943,5.152851409602141,1
Corn_Common_Rust (577).JPG,0.49156350686789896,3027.11582698488,3.406493898495106,1
Corn_Common_Rust (578).JPG,0.1140503295386459,4559.143832143244,26.26050420168067,1
Corn_Common_Rust (579).JPG,0.20846573118404269,4003.968805551414,14.01713205028368,1
Corn_Common_Rust (58).jpg,0.7274323325854274,3056.8783783278773,0.7547943418379708,1
Corn_Common_Rust (580).JPG,0.05793241218578325,3109.4747499225878,19.696347968814116,1
Corn_Common_Rust (581).JPG,0.34796050424195946,4767.925051162296,7.8512396694214885,1
Corn_Common_Rust (582).JPG,0.2187744119434077,4703.11320447671,12.397104036497074,1
Corn_Common_Rust (583).JPG,0.18414370005228173,3716.6931788024654,12.166683564838285,1
Corn_Common_Rust (584).JPG,0.49769015550784046,3503.951712971074,3.093951542618093,1
Corn_Common_Rust (585).JPG,0.29541134461992147,2836.2842359881124,7.336139506915213,1
Corn_Common_Rust (586).JPG,0.10943822764779021,5459.045172987644,23.130937629078893,1
Corn_Common_Rust (587).JPG,0.10373341255694196,4501.4252694964725,25.29229300882844,1
Corn_Common_Rust (588).JPG,0.13193759877325573,1180.3864813584066,15.178465551998102,1
Corn_Common_Rust (589).JPG,0.18720550924247917,3953.5975755583095,15.05700150570015,1
Corn_Common_Rust (59).jpg,0.3404589683974856,4054.547730759596,48.74810318664643,1
Corn_Common_Rust (590).JPG,0.24352044659075806,4280.422109477338,12.46134255048208,1
Corn_Common_Rust (591).JPG,0.13245474480801478,3626.3511175704916,16.066212268743914,1
Corn_Common_Rust (592).JPG,0.28538534471082216,3631.14519921346,9.649608479000237,1
Corn_Common_Rust (593).JPG,0.28799836015168595,4662.169039549031,9.696646205853572,1
Corn_Common_Rust (594).JPG,0.26440983646511174,4216.023741895092,10.506912442396315,1
Corn_Common_Rust (595).JPG,0.16408396732527059,2571.70033107217,17.200136689828,1
Corn_Common_Rust (596).JPG,0.09526289265916345,2077.5949868132275,21.685472496473906,1
Corn_Common_Rust (597).JPG,0.388252653834295,4876.85175527697,5.728871242200794,1
Corn_Common_Rust (598).JPG,0.35985847802523674,3048.374532400301,6.137409785758936,1
Corn_Common_Rust (599).JPG,0.46676251522594303,4189.522390001569,2.481177275838467,1
Corn_Common_Rust (6).jpg,0.13694537647968413,2479.2186256139216,2.959714990408331,1
Corn_Common_Rust (60).jpg,0.13816003559593304,1086.9355857911116,1.6822879115597211,1
Corn_Common_Rust (600).JPG,0.3138006113134866,3529.4900203395136,6.270847231487658,1
Corn_Common_Rust (601).JPG,0.46127887211278873,6246.920485101639,5.039557819442939,1
Corn_Common_Rust (602).JPG,0.4012506147684958,4119.976371558047,5.121470781352593,1
Corn_Common_Rust (603).JPG,0.34640662132262556,1596.117083087486,3.8794530917348724,1
Corn_Common_Rust (604).JPG,0.6522287786151002,2490.660355565986,1.1717259796174178,1
Corn_Common_Rust (605).JPG,0.3980334214664662,3455.85635216207,4.558478770513155,1
Corn_Common_Rust (606).JPG,0.1741443317638537,3945.805721693333,8.96802703405251,1
Corn_Common_Rust (607).JPG,0.39637852227635745,3927.975424246454,4.751647237709072,1
Corn_Common_Rust (608).JPG,0.1620113830606533,3662.3859303165154,14.722930674704381,1
Corn_Common_Rust (609).JPG,0.07010512621440712,3303.125316796391,17.354877318970676,1
Corn_Common_Rust (61).jpg,0.44171011264746174,5909.309332936645,5.399375278893351,1
Corn_Common_Rust (610).JPG,0.22875745352507892,3497.446018760608,12.935990801073208,1
Corn_Common_Rust (611).JPG,0.16098058709643662,3207.695784286154,14.462138446538837,1
Corn_Common_Rust (612).JPG,0.26525067196447355,4182.599035419799,8.920704845814978,1
Corn_Common_Rust (613).JPG,0.0457955436121375,2602.885612485568,38.69653767820773,1
Corn_Common_Rust (614).JPG,0.03317590361445783,2744.0962392007123,25.551684088269457,1
Corn_Common_Rust (615).JPG,0.06843679880329095,3655.0035629427643,24.100257069408737,1
Corn_Common_Rust (616).JPG,0.09766244057052298,2398.8572438750243,23.96755162241888,1
Corn_Common_Rust (617).JPG,0.0634413946020338,3414.798321706192,22.289156626506024,1
Corn_Common_Rust (618).JPG,0.13902934984074428,3234.154159815986,18.76536818946551,1
Corn_Common_Rust (619).JPG,0.11252371502714961,3846.1617936776915,26.73900406897888,1
Corn_Common_Rust (62).jpg,0.06010613625047095,1040.2909149613618,2.0033073470351996,1
Corn_Common_Rust (620).JPG,0.15297364129947855,2467.7196571859913,13.820566877488872,1
Corn_Common_Rust (621).JPG,0.3435024576512166,3115.9797226404144,8.218530124756105,1
Corn_Common_Rust (622).JPG,0.41709101009165817,3587.917614716781,5.549081626990732,1
Corn_Common_Rust (623).JPG,0.1311045925793233,3040.6574656707694,20.32103825136612,1
Corn_Common_Rust (624).JPG,0.08069251186358883,2555.05756725143,22.42152466367713,1
Corn_Common_Rust (625).JPG,0.015354013946003933,3794.1714597379614,50.872093023255815,1
Corn_Common_Rust (626).JPG,0.03597597341739797,2763.1647008553664,11.242603550295858,1
Corn_Common_Rust (627).JPG,0.6444925995584266,4343.731657051352,1.6810987407618867,1
Corn_Common_Rust (628).JPG,0.5344161028701097,4029.167895672729,2.8699481050479636,1
Corn_Common_Rust (629).JPG,0.2707040654544031,3866.1092946538306,9.25457306051623,1
Corn_Common_Rust (63).jpg,0.03356142427244019,1253.402513233295,4.263335316279992,1
Corn_Common_Rust (630).JPG,0.1689405684754522,1569.9827961274734,18.148450244698207,1
Corn_Common_Rust (631).JPG,0.18913536677590118,3171.6613533646796,18.39019189765458,1
Corn_Common_Rust (632).JPG,0.09828203292770223,3316.208655178768,20.63106796116505,1
Corn_Common_Rust (633).JPG,0.6938974269074193,4558.181865455104,1.03859649122807,1
Corn_Common_Rust (634).JPG,0.3172401476366234,3325.96218356853,9.31948961721291,1
Corn_Common_Rust (635).JPG,0.28112711268522617,4518.650875440879,10.281585772508336,1
Corn_Common_Rust (636).JPG,0.22385033149950628,3329.40440529872,11.57844990548204,1
Corn_Common_Rust (637).JPG,0.09760941340019363,3840.4428977682446,28.222730739893212,1
Corn_Common_Rust (638).JPG,0.08590444287729196,5014.389131038789,25.904077968709927,1
Corn_Common_Rust (639).JPG,0.052180142138103944,3257.32894397947,18.418201516793065,1
Corn_Common_Rust (64).jpg,0.04251675915415615,593.4327533858867,19.132635517103832,1
Corn_Common_Rust (640).JPG,0.03057770012012668,2709.4650623859707,27.837259100642395,1
Corn_Common_Rust (641).JPG,0.00751178573278765,1791.0194541381682,24.054982817869416,1
Corn_Common_Rust (642).JPG,0.1011541072640869,3542.5824398321843,19.592055823939884,1
Corn_Common_Rust (643).JPG,0.2561870843478577,4371.634959132065,7.375886524822695,1
Corn_Common_Rust (644).JPG,0.3191861169264841,3459.9868568420907,5.745568865521166,1
Corn_Common_Rust (645).JPG,0.03318912111794934,3294.747497236739,35.474006116207946,1
Corn_Common_Rust (646).JPG,0.059924378413474394,3199.1208940972137,21.981522777954762,1
Corn_Common_Rust (647).JPG,0.3059651106191216,2020.437265869761,6.465849027556833,1
Corn_Common_Rust (648).JPG,0.5709724704323207,3968.2530386391354,1.51216767477845,1
Corn_Common_Rust (649).JPG,0.21163672014932408,3775.522977550283,9.44236593621949,1
Corn_Common_Rust (65).jpg,0.08847515665903317,2502.0958890413403,6.791668020667468,1
Corn_Common_Rust (650).JPG,0.35240072546773576,4199.580742270346,6.5682556879739975,1
Corn_Common_Rust (651).JPG,0.31926672412650003,2991.4514270742807,4.672169444011836,1
Corn_Common_Rust (652).JPG,0.4387740164684355,3925.0476244737324,5.087572977481234,1
Corn_Common_Rust (653).JPG,0.07616344086021505,2122.5930630127505,38.61788617886179,1
Corn_Common_Rust (654).JPG,0.1708194194708451,3042.0878784344422,21.67648164390427,1
Corn_Common_Rust (655).JPG,0.0885230964265906,3398.2228096888825,30.42505592841163,1
Corn_Common_Rust (656).JPG,0.07531082147015739,2624.624785831305,30.416355023684865,1
Corn_Common_Rust (657).JPG,0.1519901144640999,2575.70859880348,9.269823160296633,1
Corn_Common_Rust (658).JPG,0.11252922837100546,2893.95672892329,21.061742642815926,1
Corn_Common_Rust (659).JPG,0.08836238644733611,4696.06100985024,29.166666666666668,1
Corn_Common_Rust (66).jpg,0.11454887698971107,1634.2222956830096,10.208964747168608,1
Corn_Common_Rust (660).JPG,0.11996962794229309,5551.145485919184,23.78354789439232,1
Corn_Common_Rust (661).JPG,0.09222959647407865,3742.5680987045725,24.353969139245212,1
Corn_Common_Rust (662).JPG,0.04297517177422754,4019.7872609000055,20.58823529411765,1
Corn_Common_Rust (663).JPG,0.06470079930870598,3482.2312983062448,10.84689194826867,1
Corn_Common_Rust (664).JPG,0.3127624572492316,3042.6283527309565,7.82006920415225,1
Corn_Common_Rust (665).JPG,0.023894534468552595,3438.366259823846,49.760765550239235,1
Corn_Common_Rust (666).JPG,0.15571571360934294,4344.6126505283155,27.360243202161797,1
Corn_Common_Rust (667).JPG,0.08744226017832206,2893.2215477266227,25.79218865143699,1
Corn_Common_Rust (668).JPG,0.11358590560767744,2778.0591699101665,31.939483084681655,1
Corn_Common_Rust (669).JPG,0.03658383007304172,3673.2682100511975,25.22935779816514,1
Corn_Common_Rust (67).jpg,0.2829140092736738,1311.0742733667748,4.141521713406697,1
Corn_Common_Rust (670).JPG,0.031189937474150307,3126.5266908934327,15.58846453624318,1
Corn_Common_Rust (671).JPG,0.23837221336755604,2567.8574525126264,12.93739689155162,1
Corn_Common_Rust (672).JPG,0.17142008318478907,3313.6546110365325,12.59242144177449,1
Corn_Common_Rust (673).JPG,0.06106201154042802,4307.754370308641,17.53686727779992,1
Corn_Common_Rust (674).JPG,0.28919886073176077,3537.4567957280324,8.837825894829873,1
Corn_Common_Rust (675).JPG,0.45843654281528834,4588.654557519346,6.5648056701330395,1
Corn_Common_Rust (676).JPG,0.4574753147597548,2756.8061194085467,3.3297227905484013,1
Corn_Common_Rust (677).JPG,0.43779216503895535,4009.1069267721277,4.110481728407438,1
Corn_Common_Rust (678).JPG,0.13640349636502502,4121.3655122009,23.636740617872693,1
Corn_Common_Rust (679).JPG,0.18364261770698684,2644.5466236050233,14.911129667183587,1
Corn_Common_Rust (68).jpg,0.4566859906036212,1857.622618693485,10.22710181982253,1
Corn_Common_Rust (680).JPG,0.6743189470462198,5325.028988635637,1.5886705097362808,1
Corn_Common_Rust (681).JPG,0.07080717760329411,3185.1054933025775,27.643203191792534,1
Corn_Common_Rust (682).JPG,0.046269686170824234,3277.522823759915,34.7682119205298,1
Corn_Common_Rust (683).JPG,0.10821771172135534,4664.953843121328,20.920502092050206,1
Corn_Common_Rust (684).JPG,0.12095879088440194,3373.208831693297,15.811048213937147,1
Corn_Common_Rust (685).JPG,0.16513679971574086,3850.2347472882498,13.624955181068483,1
Corn_Common_Rust (686).JPG,0.19078495827764333,3003.4413019673257,15.52442256720939,1
Corn_Common_Rust (687).JPG,0.24522070889399408,3211.4248227776197,11.7932418869187,1
Corn_Common_Rust (688).JPG,0.3769159242928702,3300.228122636643,6.922893291955121,1
Corn_Common_Rust (689).JPG,0.48609568758097355,3882.6095394997283,3.807348181991243,1
Corn_Common_Rust (69).jpg,0.02155936093417436,1982.2177104972234,39.01474289823805,1
Corn_Common_Rust (690).JPG,0.8502227731064286,3984.288872380711,0.43339505929632405,1
Corn_Common_Rust (691).JPG,0.3251929731168485,4701.00159040255,11.457800511508951,1
Corn_Common_Rust (692).JPG,0.2858908624793994,4161.935582358096,5.043631414618525,1
Corn_Common_Rust (693).JPG,0.23016678432756796,3826.9695129860456,11.884224650182096,1
Corn_Common_Rust (694).JPG,0.24192649713610734,2814.219509985184,8.843036109064112,1
Corn_Common_Rust (695).JPG,0.026321561745996928,2761.6355262688708,12.025901942645698,1
Corn_Common_Rust (696).JPG,0.0032960148184467872,3126.7946772648856,81.96721311475409,1
Corn_Common_Rust (697).JPG,0.0441565105837075,3690.509157947533,40.65040650406504,1
Corn_Common_Rust (698).JPG,0.006984512602490131,3299.0322498177065,83.81502890173411,1
Corn_Common_Rust (699).JPG,0.6805024704017899,3689.7933080364746,1.0616438356164384,1
Corn_Common_Rust (7).jpg,0.48573499758361527,1571.5283874287052,2.1270756141073144,1
Corn_Common_Rust (70).jpg,0.1806359419207514,4984.948103945499,8.407704080618553,1
Corn_Common_Rust (700).JPG,0.41224728292625923,3952.356608974674,4.5354045013889674,1
Corn_Common_Rust (701).JPG,0.1983176504134588,2921.123681447596,10.30310291122559,1
Corn_Common_Rust (702).JPG,0.027031714031779064,3014.9420733269903,60.8974358974359,1
Corn_Common_Rust (703).JPG,0.03645161290322581,3000.9571670492232,36.84598378776713,1
Corn_Common_Rust (704).JPG,0.10310821373334886,2203.5255332992865,18.384131591678763,1
Corn_Common_Rust (705).JPG,0.42282214156079856,3500.0206977048597,5.687000375556629,1
Corn_Common_Rust (706).JPG,0.15469525159461375,2034.8946173221013,8.245533669262484,1
Corn_Common_Rust (707).JPG,0.2582499513755322,2792.608272002114,8.785875658940675,1
Corn_Common_Rust (708).JPG,0.34526108036212294,3277.818638917007,6.088847468157813,1
Corn_Common_Rust (709).JPG,0.34237060273358727,2923.1818496852015,4.580879290856089,1
Corn_Common_Rust (71).jpg,0.8822584655163841,4359.092730018137,2.385432657319847,1
Corn_Common_Rust (710).JPG,0.4014465259663268,3572.0222037391413,5.31600708800945,1
Corn_Common_Rust (711).JPG,0.03162751168578887,2020.5206108895502,30.051150895140665,1
Corn_Common_Rust (712).JPG,0.35414956790421476,3358.9248198534483,5.043620501635769,1
Corn_Common_Rust (713).JPG,0.46088716014458586,3674.0471005022528,3.0261699769840593,1
Corn_Common_Rust (714).JPG,0.49642403249520295,3564.255037720929,3.2125288625639996,1
Corn_Common_Rust (715).JPG,0.8635169463925136,3145.702361265104,0.27657648597002915,1
Corn_Common_Rust (716).JPG,0.7210147264323337,3253.058185385559,0.6857688064641164,1
Corn_Common_Rust (717).JPG,0.5153179258289907,2852.9082514410825,2.6753729651294607,1
Corn_Common_Rust (718).JPG,0.6414943176760334,2131.1812403687554,1.341350601295097,1
Corn_Common_Rust (719).JPG,0.1287590902953261,2423.174375337061,15.578190533253446,1
Corn_Common_Rust (72).JPG,0.1719644420499697,4611.456162085076,12.333594361785435,1
Corn_Common_Rust (720).JPG,0.2348516057387473,2403.8490870085816,9.60878517501716,1
Corn_Common_Rust (721).JPG,0.27708892669030394,2406.400905266807,8.579247097108201,1
Corn_Common_Rust (722).JPG,0.8713841664552144,3955.293098743495,0.4731746378394118,1
Corn_Common_Rust (723).JPG,0.5567544514340548,3177.7629049460497,2.3362696284948297,1
Corn_Common_Rust (724).JPG,0.3557950929062725,3156.158599518955,5.020196191575303,1
Corn_Common_Rust (725).JPG,0.15023407861812899,2326.072964531006,8.99811979586355,1
Corn_Common_Rust (726).JPG,0.6926142815791232,4635.895851716281,0.9001189442890667,1
Corn_Common_Rust (727).JPG,0.5879813150205646,4258.1995159208955,1.582528881152081,1
Corn_Common_Rust (728).JPG,0.4983463323131602,4042.496392731354,4.902931854199683,1
Corn_Common_Rust (729).JPG,0.42648538700353283,4911.859773013919,4.718875502008032,1
Corn_Common_Rust (73).JPG,0.26444649203633014,3819.178917798654,10.202811994525321,1
Corn_Common_Rust (730).JPG,0.30118927125506073,2811.1440716110133,6.132392473118279,1
Corn_Common_Rust (731).JPG,0.09024537106728887,3456.514721155976,20.637898686679172,1
Corn_Common_Rust (732).JPG,0.28072996657331284,3486.2898227581827,7.980435062427597,1
Corn_Common_Rust (733).JPG,0.32905360412851675,3350.055878095579,6.639686353863666,1
Corn_Common_Rust (734).JPG,0.10780000356245881,2609.2396493299884,22.63340492317859,1
Corn_Common_Rust (735).JPG,0.2913243838910038,3441.1129078348586,9.077780070146483,1
Corn_Common_Rust (736).JPG,0.7116505955757232,4311.459127813117,1.1158223610801161,1
Corn_Common_Rust (737).JPG,0.8484044943820225,4163.468250753256,0.45027148722023574,1
Corn_Common_Rust (738).JPG,0.3591524920886076,4016.176071068413,7.846916299559472,1
Corn_Common_Rust (739).JPG,0.19769471846538922,3867.155285352963,12.97872340425532,1
Corn_Common_Rust (74).JPG,0.2775988820705997,3032.2924118808687,9.118762766267873,1
Corn_Common_Rust (740).JPG,0.09922518266704929,5113.615501836437,24.91103202846975,1
Corn_Common_Rust (741).JPG,0.08054267559677142,3413.597769997334,19.422074846044527,1
Corn_Common_Rust (742).JPG,0.0387118792813437,4843.9338744460965,39.647577092511014,1
Corn_Common_Rust (743).JPG,0.014755959137343927,3562.0726985295737,50.43859649122807,1
Corn_Common_Rust (744).JPG,0.5279231263008423,3819.4680567197684,1.8422313105633543,1
Corn_Common_Rust (745).JPG,0.7867154408933384,3027.327844986968,0.5628563737366322,1
Corn_Common_Rust (746).JPG,0.9144032059509154,3920.7224159681887,0.08593033913840513,1
Corn_Common_Rust (747).JPG,0.37409905122606324,2929.883750602653,5.526574040597076,1
Corn_Common_Rust (748).JPG,0.24474496018365735,2996.0807277755885,8.060379570601597,1
Corn_Common_Rust (749).JPG,0.3967186446058009,2882.752094507186,4.2004200420042,1
Corn_Common_Rust (75).JPG,0.20694885196938584,4392.148803494061,11.950394588500563,1
Corn_Common_Rust (750).JPG,0.7358559798188281,4894.260775937943,0.5297930690600847,1
Corn_Common_Rust (751).JPG,0.40656851642129105,5336.336792448625,3.955211408835162,1
Corn_Common_Rust (752).JPG,0.49127616151106485,3591.4642446887856,2.932312454182618,1
Corn_Common_Rust (753).JPG,0.6076273048724454,4293.675606210695,1.8081993621987704,1
Corn_Common_Rust (754).JPG,0.6196908722733447,4051.1085996336037,1.90263473549241,1
Corn_Common_Rust (755).JPG,0.18466796154697218,5153.840103983444,12.11395101171459,1
Corn_Common_Rust (756).JPG,0.016685888611927525,4361.171667752509,36.74832962138085,1
Corn_Common_Rust (757).JPG,0.01177861274116604,2341.3712418322516,33.98926654740608,1
Corn_Common_Rust (758).JPG,0.5126906420636415,3002.86408846875,2.7910392948953358,1
Corn_Common_Rust (759).JPG,0.5913951318142935,3198.3949083062535,1.3477975016436554,1
Corn_Common_Rust (76).JPG,0.11958393607494662,5024.970546401028,12.286427337300825,1
Corn_Common_Rust (760).JPG,0.5923382724972894,4115.161279762572,2.020972354623451,1
Corn_Common_Rust (761).JPG,0.5825387770624507,4363.46338216797,1.8185209363051387,1
Corn_Common_Rust (762).JPG,0.8017349937036519,4894.281555151507,0.40720165207527415,1
Corn_Common_Rust (763).JPG,0.4779429279214902,3048.755455207754,3.837336788597628,1
Corn_Common_Rust (764).JPG,0.7118735449087121,3599.02194432964,0.5852180797962064,1
Corn_Common_Rust (765).JPG,0.538948969246367,3992.2468639187955,3.135123837391577,1
Corn_Common_Rust (766).JPG,0.2030667690819607,2603.821951501651,8.1243871690713,1
Corn_Common_Rust (767).JPG,0.4865881976139002,4174.271786603407,2.6739067834958243,1
Corn_Common_Rust (768).JPG,0.7445360011623321,4756.231174115537,0.47390722569134697,1
Corn_Common_Rust (769).JPG,0.7255671444460767,3765.7184871715226,0.7519884309472161,1
Corn_Common_Rust (77).JPG,0.1518157993260951,4407.776817419169,13.253197719217138,1
Corn_Common_Rust (770).JPG,0.4370652856926177,4177.316504207804,3.271861986912552,1
Corn_Common_Rust (771).JPG,0.03780675541066739,4149.0601005749695,35.3081986834231,1
Corn_Common_Rust (772).JPG,0.07483076923076923,4173.326135127409,24.662939822426832,1
Corn_Common_Rust (773).JPG,0.1671048220618593,1967.6581573839017,15.83614864864865,1
Corn_Common_Rust (774).JPG,0.42995636423513917,3528.5626918870494,4.021062709430349,1
Corn_Common_Rust (775).JPG,0.6187585577361935,4247.1720017273865,1.7702378757145492,1
Corn_Common_Rust (776).JPG,0.24366812227074236,2793.5282065565502,11.044470450555881,1
Corn_Common_Rust (777).JPG,0.5291783977476324,3394.9477546283606,2.7983141021211915,1
Corn_Common_Rust (778).JPG,0.9474455952519493,5099.73421087106,0.09826078412105728,1
Corn_Common_Rust (779).JPG,0.5814009555954938,3613.539068100644,2.299457177322075,1
Corn_Common_Rust (78).JPG,0.01202737102688059,3515.4777724621435,79.45736434108527,1
Corn_Common_Rust (780).JPG,0.21528165086447296,3849.7161234026958,13.71965844766382,1
Corn_Common_Rust (781).JPG,0.1576363052633567,2809.560598031488,13.77575467177767,1
Corn_Common_Rust (782).JPG,0.052152228125338825,2220.5078395625374,22.514721163837894,1
Corn_Common_Rust (783).JPG,0.03077146593055354,3576.327629086421,15.09433962264151,1
Corn_Common_Rust (784).JPG,0.23396159238078285,4020.2042982492867,8.368996671421778,1
Corn_Common_Rust (785).JPG,0.11967151747695476,2440.4245068853547,17.005473025801408,1
Corn_Common_Rust (786).JPG,0.11985154122382088,3039.202237846077,18.898271009248088,1
Corn_Common_Rust (787).JPG,0.310313424907035,2969.777153114763,7.703124044751482,1
Corn_Common_Rust (788).JPG,0.49529339145866286,3243.7191124525116,3.1155074382740087,1
Corn_Common_Rust (789).JPG,0.867010327730942,3517.3469246010222,0.08257638315441784,1
Corn_Common_Rust (79).JPG,0.13203187250996015,6055.406946290677,26.74979887369268,1
Corn_Common_Rust (790).JPG,0.9188246675816141,4445.299573060816,0.12242899118511263,1
Corn_Common_Rust (791).JPG,0.23174446988476166,2672.2182002902273,8.899412148922274,1
Corn_Common_Rust (792).JPG,0.5004867956675185,3354.67912026369,2.836764467498784,1
Corn_Common_Rust (793).JPG,0.6527063310832852,3668.2387869825434,1.537751806858373,1
Corn_Common_Rust (794).JPG,0.1593343870741131,3042.4506879041505,9.918721586995455,1
Corn_Common_Rust (795).JPG,0.5232232895366383,2764.93479714555,2.321164802700992,1
Corn_Common_Rust (796).JPG,0.6619053383367631,2945.3062915268442,0.9143872299292003,1
Corn_Common_Rust (797).JPG,0.7553798397583791,3880.264781718268,0.444247001332741,1
Corn_Common_Rust (798).JPG,0.6236747297992795,3225.4530002949723,1.7494058621600213,1
Corn_Common_Rust (799).JPG,0.16114845241058834,3117.4114224562127,12.099369288196678,1
Corn_Common_Rust (8).jpg,0.34544283608390636,340.94889824861275,0.6043855559869868,1
Corn_Common_Rust (80).JPG,0.05107223476297968,2954.144216555333,25.773195876288657,1
Corn_Common_Rust (800).JPG,0.3214909236238194,2459.2407553342605,5.103042198233562,1
Corn_Common_Rust (801).JPG,0.3834137092452908,2705.6453574432758,4.676162321956464,1
Corn_Common_Rust (802).JPG,0.039414750671842344,2905.7105386893245,41.6403785488959,1
Corn_Common_Rust (803).JPG,0.030780075187969925,4395.923871597679,34.32494279176201,1
Corn_Common_Rust (804).JPG,0.2528847515220161,2457.8194029110155,5.808257522743177,1
Corn_Common_Rust (805).JPG,0.5443982319040602,3323.5231308922184,2.055498458376156,1
Corn_Common_Rust (806).JPG,0.8644974322913337,3276.254921259709,0.2218333292253087,1
Corn_Common_Rust (807).JPG,0.019135876760139607,2541.453424810674,49.21465968586387,1
Corn_Common_Rust (808).JPG,0.038052766502884,2199.463712179838,33.66058906030855,1
Corn_Common_Rust (809).JPG,0.08213466750052116,3026.2029364019804,25.09162672681139,1
Corn_Common_Rust (81).JPG,0.05824991542120241,3149.043115147267,39.61748633879782,1
Corn_Common_Rust (810).JPG,0.04288946910356832,5616.654403319857,35.685320356853204,1
Corn_Common_Rust (811).JPG,0.03830055266579974,3892.8210075343895,39.23647932131495,1
Corn_Common_Rust (812).JPG,0.8226337891676537,3925.503160739443,0.26178010471204194,1
Corn_Common_Rust (813).JPG,0.5667702751663775,3049.8945637006027,1.9513508057733069,1
Corn_Common_Rust (814).JPG,0.43155574217929876,3380.640228217484,3.453979373418953,1
Corn_Common_Rust (815).JPG,0.8431016314814141,2904.1159529353836,0.06464541987200206,1
Corn_Common_Rust (816).JPG,0.40035952747817155,3462.096926993332,4.588513913558319,1
Corn_Common_Rust (817).JPG,0.30002545176889794,4169.969114017427,8.397658834506744,1
Corn_Common_Rust (818).JPG,0.09779768570362075,5083.972677742647,28.318939546093592,1
Corn_Common_Rust (819).JPG,0.05019637380965191,2867.7662425090252,38.92857142857143,1
Corn_Common_Rust (82).JPG,0.036174863387978144,4708.328716368098,58.11320754716981,1
Corn_Common_Rust (820).JPG,0.1923631966925387,2912.4894913577446,6.9944247339077545,1
Corn_Common_Rust (821).JPG,0.21698368152998648,2980.609338514195,11.591148577449948,1
Corn_Common_Rust (822).JPG,0.49499979423021523,3179.413004812392,3.1175957101883025,1
Corn_Common_Rust (823).JPG,0.6682010229041583,4180.94533663893,0.9650582362728786,1
Corn_Common_Rust (824).JPG,0.5302222222222223,2802.9036557183063,2.1716767630586356,1
Corn_Common_Rust (825).JPG,0.3643642713829234,3421.158639289317,6.067094932191292,1
Corn_Common_Rust (826).JPG,0.18985395849346656,3539.146033603638,11.729292090512768,1
Corn_Common_Rust (827).JPG,0.07778863059191249,3042.0646202692405,20.336429826763748,1
Corn_Common_Rust (828).JPG,0.04940973018758051,2301.317673146387,16.422706176365583,1
Corn_Common_Rust (829).JPG,0.05168350840755682,2281.864161272143,28.196214754731557,1
Corn_Common_Rust (83).JPG,0.07907513905911191,3349.9103823891837,19.666269368295588,1
Corn_Common_Rust (830).JPG,0.14154775544214143,3256.2797943481633,14.861683343143024,1
Corn_Common_Rust (831).JPG,0.5804908485856906,3716.0511570091803,1.791380898761388,1
Corn_Common_Rust (832).JPG,0.7133482203891902,4229.653131419826,0.8304851950043122,1
Corn_Common_Rust (833).JPG,0.30104321907600595,3433.283582691107,5.916088137639602,1
Corn_Common_Rust (834).JPG,0.6033485430963245,3402.0638396001104,2.0245928484234974,1
Corn_Common_Rust (835).JPG,0.8469186491164513,3786.5965328978864,0.1901095506285497,1
Corn_Common_Rust (836).JPG,0.3839831844456122,3420.3851179236517,6.021128687941322,1
Corn_Common_Rust (837).JPG,0.780833221820777,3776.209067997442,0.42842454015766024,1
Corn_Common_Rust (838).JPG,0.5714145209198025,4189.289393032785,1.342512908777969,1
Corn_Common_Rust (839).JPG,0.8280419125401064,5148.990227427436,0.5690131685904731,1
Corn_Common_Rust (84).JPG,0.2227485145165042,4029.908218192981,11.960132890365449,1
Corn_Common_Rust (840).JPG,0.5635671042786206,4495.183853888129,2.896684905053106,1
Corn_Common_Rust (841).JPG,0.17795543245625078,4692.1017902282265,17.80240509313841,1
Corn_Common_Rust (842).JPG,0.28443179329975915,4124.2311004643825,10.622738819182512,1
Corn_Common_Rust (843).JPG,0.7664399092970522,4169.154008753427,0.5670471635314711,1
Corn_Common_Rust (844).JPG,0.8943371943371944,3904.6895098513587,0.14390214654035255,1
Corn_Common_Rust (845).JPG,0.6951790427810149,3597.2546447663726,1.074575542660649,1
Corn_Common_Rust (846).JPG,0.41564502096021516,4014.550464780611,3.361664340986934,1
Corn_Common_Rust (847).JPG,0.12179585965993733,4593.805469039068,15.812776723592663,1
Corn_Common_Rust (848).JPG,0.024755617620921672,3324.030135151424,42.69854824935952,1
Corn_Common_Rust (849).JPG,0.49191981726191747,3438.2165668040852,3.4716195105016494,1
Corn_Common_Rust (85).JPG,0.0801939795375244,4943.93906772236,33.542204201990415,1
Corn_Common_Rust (850).JPG,0.5635945652735445,4067.183889922239,2.474793767186068,1
Corn_Common_Rust (851).JPG,0.40034722222222224,3479.900434391555,4.234261810019385,1
Corn_Common_Rust (852).JPG,0.4830072838900696,3320.956653315311,2.6699759326113117,1
Corn_Common_Rust (853).JPG,0.8638107819085362,4535.482980744989,0.2184598580010923,1
Corn_Common_Rust (854).JPG,0.36404518831486754,3303.2355568412468,6.475070976739552,1
Corn_Common_Rust (855).JPG,0.5121792862580038,4069.3682378835283,2.1417956115045023,1
Corn_Common_Rust (856).JPG,0.6120488575656492,4720.25315356196,1.8849368955908867,1
Corn_Common_Rust (857).JPG,0.7782530839633903,3943.0682914048216,0.9586502204895507,1
Corn_Common_Rust (858).JPG,0.18997204838350606,4571.066452100009,11.456841557088921,1
Corn_Common_Rust (859).JPG,0.6593468776810324,4891.305112821241,1.7440894745584408,1
Corn_Common_Rust (86).JPG,0.25489414474266986,4809.404485650561,11.554165580748847,1
Corn_Common_Rust (860).JPG,0.6518723385574433,4925.829719992961,2.0539412101417556,1
Corn_Common_Rust (861).JPG,0.4454489598876503,4772.850988061335,4.186985862765381,1
Corn_Common_Rust (862).JPG,0.5273325385260741,3465.51276646657,2.8468558988528847,1
Corn_Common_Rust (863).JPG,0.13689946872791117,5433.426990525519,13.488759367194005,1
Corn_Common_Rust (864).JPG,0.1724500280216701,3595.30446985835,10.83130246412131,1
Corn_Common_Rust (865).JPG,0.4420359154181277,3982.866490525068,3.55752127301572,1
Corn_Common_Rust (866).JPG,0.45614624215585453,3829.648488556698,3.0825856912813436,1
Corn_Common_Rust (867).JPG,0.15718747893305768,4399.022350136563,12.864493996569468,1
Corn_Common_Rust (868).JPG,0.25336958274773635,4552.948449760573,12.82051282051282,1
Corn_Common_Rust (869).JPG,0.4585082983403319,5617.732822714979,6.790431098928482,1
Corn_Common_Rust (87).JPG,0.05927955623872218,2228.482305574027,19.534184823441024,1
Corn_Common_Rust (870).JPG,0.17911871910841395,3171.8932656695474,10.226909555768616,1
Corn_Common_Rust (871).JPG,0.076042143838754,2280.8213542448325,32.01267828843106,1
Corn_Common_Rust (872).JPG,0.08011766741650804,1980.5319783853395,23.74784110535406,1
Corn_Common_Rust (873).JPG,0.35610929382335965,3172.868498243626,6.26755997406527,1
Corn_Common_Rust (874).JPG,0.5556177446102819,3614.5058324477313,2.947321295329055,1
Corn_Common_Rust (875).JPG,0.5798172924437694,3460.777409344471,2.0801232665639446,1
Corn_Common_Rust (876).JPG,0.4749508321526001,2827.5767125227662,4.096170970614425,1
Corn_Common_Rust (877).JPG,0.37673103179247125,3284.6161817318434,6.212466349140609,1
Corn_Common_Rust (878).JPG,0.13013753398368783,2735.1629476939806,13.976347719244355,1
Corn_Common_Rust (879).JPG,0.13270186803253992,2845.882357504968,20.14755959137344,1
Corn_Common_Rust (88).JPG,0.2619153765096863,3775.5432328152883,8.819433699520346,1
Corn_Common_Rust (880).JPG,0.13738048193318345,3326.0840409915772,21.81818181818182,1
Corn_Common_Rust (881).JPG,0.05241857026111998,3304.1883875081876,33.024118738404454,1
Corn_Common_Rust (882).JPG,0.11593173748711488,3377.5576776033727,17.779533781114186,1
Corn_Common_Rust (883).JPG,0.29306162886034437,2407.517347848956,6.935540272759063,1
Corn_Common_Rust (884).JPG,0.1039414968525714,1568.6158154838686,17.790109352048308,1
Corn_Common_Rust (885).JPG,0.08568083705275481,1866.5767514780928,15.795090715048026,1
Corn_Common_Rust (886).JPG,0.26722836196520405,3950.135084856245,9.253193580085162,1
Corn_Common_Rust (887).JPG,0.14215211738131844,3789.8721769858516,13.35113484646195,1
Corn_Common_Rust (888).JPG,0.08032524560881214,2361.101595322962,15.748031496062993,1
Corn_Common_Rust (889).JPG,0.1085022494060557,4023.02269526914,28.87750349324639,1
Corn_Common_Rust (89).JPG,0.22119664998365232,4862.874357774197,14.43838108231014,1
Corn_Common_Rust (890).JPG,0.05093232044198895,3616.3406930682063,33.88189738625363,1
Corn_Common_Rust (891).JPG,0.10584041143925817,2084.1531900072155,9.569377990430622,1
Corn_Common_Rust (892).JPG,0.046261069727293075,3445.5699419026805,38.67403314917127,1
Corn_Common_Rust (893).JPG,0.27127855364295766,3412.2490247187247,7.581803671189146,1
Corn_Common_Rust (894).JPG,0.02044226470779714,2529.8138860159943,22.26935312831389,1
Corn_Common_Rust (895).JPG,0.07366847167218944,3238.0140320861983,26.871401151631478,1
Corn_Common_Rust (896).JPG,0.032705472676190096,4473.616289148809,51.39056831922611,1
Corn_Common_Rust (897).JPG,0.04549957186749719,1503.9414826640032,24.71412762818148,1
Corn_Common_Rust (898).JPG,0.06724828375286042,3070.868550660465,30.187074829931973,1
Corn_Common_Rust (899).JPG,0.13478365819805685,3350.244612679964,17.23366159355416,1
Corn_Common_Rust (9).jpg,0.34347355635193094,4383.979009669116,5.809106784018814,1
Corn_Common_Rust (90).JPG,0.06577621558289397,2832.5417532292995,26.353276353276353,1
Corn_Common_Rust (900).JPG,0.37829865263493584,3783.1328713559483,4.952320741794426,1
Corn_Common_Rust (901).JPG,0.46086421956491563,3199.0213353721533,3.1840282259799495,1
Corn_Common_Rust (902).JPG,0.4681795108011055,2836.4299026432345,3.212464361723487,1
Corn_Common_Rust (903).JPG,0.4339599434205941,2904.235902117629,4.393008974964572,1
Corn_Common_Rust (904).JPG,0.12926725807344017,3644.5811998298177,19.258202567760343,1
Corn_Common_Rust (905).JPG,0.19843537828580693,3793.289682383461,16.44199346405229,1
Corn_Common_Rust (906).JPG,0.25355623100303953,4694.0548061326135,15.821646889608056,1
Corn_Common_Rust (907).JPG,0.6564868199098668,4974.477256103685,1.7257248044178555,1
Corn_Common_Rust (908).JPG,0.4822776071794139,4685.152517947149,3.109422042347367,1
Corn_Common_Rust (909).JPG,0.42701117758186397,3148.6083688312297,4.1013824884792625,1
Corn_Common_Rust (91).JPG,0.04349011588275392,4302.346826874824,43.86422976501306,1
Corn_Common_Rust (910).JPG,0.8126838745489869,3793.9356804258996,0.44395874598729596,1
Corn_Common_Rust (911).JPG,0.7912100655186409,3969.299905310568,0.622870333052431,1
Corn_Common_Rust (912).JPG,0.272351324044268,3031.0659150067677,9.489302967563837,1
Corn_Common_Rust (913).JPG,0.1727541673778233,3228.450300805653,13.82943694435298,1
Corn_Common_Rust (914).JPG,0.10007165778733215,3837.3431669996053,22.09772798008092,1
Corn_Common_Rust (915).JPG,0.10711923516324935,3402.183238739696,23.849607182940517,1
Corn_Common_Rust (916).JPG,0.4974400495320649,4003.973344686028,3.350885591191958,1
Corn_Common_Rust (917).JPG,0.33812287260755536,4542.147070895597,9.818481848184819,1
Corn_Common_Rust (918).JPG,0.33362323882414335,3512.5090907688727,8.86273925672153,1
Corn_Common_Rust (919).JPG,0.03795654065675309,3199.1626422216655,47.16981132075472,1
Corn_Common_Rust (92).JPG,0.3090963889464464,2991.8028061476216,9.506398537477148,1
Corn_Common_Rust (920).JPG,0.08259023887870187,3109.666034430651,24.019458802067497,1
Corn_Common_Rust (921).JPG,0.06854784442151542,3236.804201194207,29.431000654022238,1
Corn_Common_Rust (922).JPG,0.3576881864452183,4631.125936313678,7.207713189179069,1
Corn_Common_Rust (923).JPG,0.2825401445689613,5191.788363065196,11.502145922746783,1
Corn_Common_Rust (924).JPG,0.11091157244450829,4968.850986424283,13.596633214632567,1
Corn_Common_Rust (925).JPG,0.066334500403986,5331.208620037721,19.48051948051948,1
Corn_Common_Rust (926).JPG,0.1261140135218193,3841.4895360205846,18.879415347137638,1
Corn_Common_Rust (927).JPG,0.31296033797492984,3625.672209536582,8.702601900364089,1
Corn_Common_Rust (928).JPG,0.390594366546718,4232.4774677381465,5.463786531130877,1
Corn_Common_Rust (929).JPG,0.4990680769768417,3195.7317759712832,2.987582858743348,1
Corn_Common_Rust (93).JPG,0.15846506300114546,4160.768991005485,18.357906909511417,1
Corn_Common_Rust (930).JPG,0.4606193306224586,3561.3548787301143,2.7160996808582873,1
Corn_Common_Rust (931).JPG,0.10715493195841433,2944.537535833577,25.236593059936908,1
Corn_Common_Rust (932).JPG,0.0593767922003441,3480.9295184891616,34.76021886063727,1
Corn_Common_Rust (933).JPG,0.030701233277095265,3431.243681010931,40.21655065738593,1
Corn_Common_Rust (934).JPG,0.11328160245420915,3348.0311393281995,13.736810670913798,1
Corn_Common_Rust (935).JPG,0.219123600857347,4112.794946371843,9.019778309063247,1
Corn_Common_Rust (936).JPG,0.37888049140345065,4306.750958816974,6.039415130324222,1
Corn_Common_Rust (937).JPG,0.4259349553854405,3502.2776121805614,3.434065934065934,1
Corn_Common_Rust (938).JPG,0.7309417040358744,4356.569304346234,1.0826025765941323,1
Corn_Common_Rust (939).JPG,0.7076079638357219,4176.281772743456,1.0420442189198984,1
Corn_Common_Rust (94).JPG,0.31780033760490717,5981.925012922404,8.378216636744463,1
Corn_Common_Rust (940).JPG,0.13591393078970718,3265.270338668818,16.64490861618799,1
Corn_Common_Rust (941).JPG,0.11205955113775658,2693.423383895127,14.515808311791607,1
Corn_Common_Rust (942).JPG,0.26943577043178635,4536.322172578125,9.99000999000999,1
Corn_Common_Rust (943).JPG,0.42443737111091184,3639.5879400147624,4.752851711026616,1
Corn_Common_Rust (944).JPG,0.5295004471700524,4013.987498506258,3.0883559330212806,1
Corn_Common_Rust (945).JPG,0.4552803902018378,3360.95831174886,3.3143939393939394,1
Corn_Common_Rust (946).JPG,0.2207835246774766,3816.8482743809122,12.006861063464836,1
Corn_Common_Rust (947).JPG,0.13446936028646164,5092.496754482801,14.161631419939576,1
Corn_Common_Rust (948).JPG,0.04420991898454216,4093.255206725287,30.434782608695652,1
Corn_Common_Rust (949).JPG,0.3817497487222258,2758.4295129257516,4.089177683172754,1
Corn_Common_Rust (95).JPG,0.4258030953309923,5074.1117063251395,5.436442489768493,1
Corn_Common_Rust (950).JPG,0.5846780691052231,3376.500895241691,1.5354330708661417,1
Corn_Common_Rust (951).JPG,0.5939065742193431,4703.960474576339,2.598951898087001,1
Corn_Common_Rust (952).JPG,0.03669272066950892,2932.6065238127458,38.70967741935484,1
Corn_Common_Rust (953).JPG,0.08466813902127165,3195.5853143752784,21.410925061762285,1
Corn_Common_Rust (954).JPG,0.1972243025650627,3942.989711802646,11.983863312766967,1
Corn_Common_Rust (955).JPG,0.16027558698214123,4188.70074987571,8.765728827937226,1
Corn_Common_Rust (956).JPG,0.15159380118432658,4279.073913948667,11.633704503905602,1
Corn_Common_Rust (957).JPG,0.15963632519293794,3452.6388452540223,16.388015229266678,1
Corn_Common_Rust (958).JPG,0.10338461538461538,4716.565538897036,21.185432039990477,1
Corn_Common_Rust (959).JPG,0.2679026828521881,3614.755911581755,9.803921568627452,1
Corn_Common_Rust (96).JPG,0.41056579809085314,4165.0135105575855,4.7368166658610855,1
Corn_Common_Rust (960).JPG,0.4907394962501008,3737.528714020207,5.751218710631538,1
Corn_Common_Rust (961).JPG,0.6758508514675802,3650.8690635634885,2.4794895168641746,1
Corn_Common_Rust (962).JPG,0.5343804696201668,4213.992814210847,2.2968949383241175,1
Corn_Common_Rust (963).JPG,0.5762280320437185,3327.8148303296084,2.5863927006250447,1
Corn_Common_Rust (964).JPG,0.5927723840345199,3769.98732803629,2.729641424376525,1
Corn_Common_Rust (965).JPG,0.8636945640786869,4489.059996021,0.35039486806285547,1
Corn_Common_Rust (966).JPG,0.85694641308257,3897.775066747913,0.17280537177841415,1
Corn_Common_Rust (967).JPG,0.6364001862118583,3163.5944472255223,0.9309748636786807,1
Corn_Common_Rust (968).JPG,0.7187169258324514,4976.344877059073,2.2654332641117616,1
Corn_Common_Rust (969).JPG,0.19815420270661754,2731.4243618186765,12.738853503184714,1
Corn_Common_Rust (97).JPG,0.33405518126403594,4251.5540292532805,10.623612028089552,1
Corn_Common_Rust (970).JPG,0.04358495871571359,2472.816993731486,18.17116060961313,1
Corn_Common_Rust (971).JPG,0.20252379736678947,2538.506775216936,8.643197983253803,1
Corn_Common_Rust (972).JPG,0.3253692614770459,2887.043333495809,6.195558827137774,1
Corn_Common_Rust (973).JPG,0.5264414875469123,3791.4026552388436,3.3699127279011494,1
Corn_Common_Rust (974).JPG,0.6061308840413318,3641.4732305431844,1.7425562542616866,1
Corn_Common_Rust (975).JPG,0.38040071923966096,4964.26085050328,5.806887238352465,1
Corn_Common_Rust (976).JPG,0.6687272068903085,5724.301645432421,1.7404084158415842,1
Corn_Common_Rust (977).JPG,0.7548127356752006,5799.798463124304,1.3146033653846154,1
Corn_Common_Rust (978).JPG,0.05777688522944071,2050.015647761883,25.01737317581654,1
Corn_Common_Rust (979).JPG,0.17595301318691212,2917.0998493067605,15.728900255754477,1
Corn_Common_Rust (98).JPG,0.1334836936796806,3684.729343617298,22.718446601941746,1
Corn_Common_Rust (980).JPG,0.302866797471114,3384.3484898392244,8.367071524966262,1
Corn_Common_Rust (981).JPG,0.32695046205120437,3671.816589126118,9.080800593031876,1
Corn_Common_Rust (982).JPG,0.18916377314814814,3616.1110753739003,11.725720112159062,1
Corn_Common_Rust (983).JPG,0.17010012343985736,4106.571545107399,16.60754595291841,1
Corn_Common_Rust (984).JPG,0.2066171278706163,3192.530373427428,15.945330296127564,1
Corn_Common_Rust (985).JPG,0.0902713465456566,2842.9709618778734,20.512820512820515,1
Corn_Common_Rust (986).JPG,0.20364210677451003,3062.1808783844363,10.692045588062507,1
Corn_Common_Rust (987).JPG,0.406430900679997,3256.9561478477985,5.846134709870017,1
Corn_Common_Rust (988).JPG,0.021684219539344123,2855.058541980876,62.1301775147929,1
Corn_Common_Rust (989).JPG,0.018737052812885506,2885.6956962215745,74.44168734491315,1
Corn_Common_Rust (99).JPG,0.32787935748462066,6033.750053179788,10.618200768679566,1
Corn_Common_Rust (990).JPG,0.07427536231884058,2675.7749117909716,22.508038585209004,1
Corn_Common_Rust (991).JPG,0.054352728912945424,2289.384904948666,36.98582786035257,1
Corn_Common_Rust (992).JPG,0.04273480431811208,3094.9391667845675,49.57599478147423,1
Corn_Common_Rust (993).JPG,0.09586900543609833,3154.774572767979,29.607528115675926,1
Corn_Common_Rust (994).JPG,0.12533007921901257,2721.0947428886348,17.555059048834984,1
Corn_Common_Rust (995).JPG,0.1315638065283265,3100.6148263909918,17.927415828596416,1
Corn_Common_Rust (996).JPG,0.1128337417773765,2951.380763095287,22.4,1
Corn_Common_Rust (997).JPG,0.15241904893272182,3333.7287971062447,16.96448767247229,1
Corn_Common_Rust (998).JPG,0.22946459020120497,4089.0802998958525,9.70873786407767,1
Corn_Common_Rust (999).JPG,0.3323845904176966,3131.8210691829545,7.585999699564368,1
